年,季,公司代號,公司簡稱,簽證會計師事務所名稱,簽證會計師,簽證會計師,核閱或查核日期,核閱或查核報告類型
2008,1,1101,台泥,勤業眾信會計師事務所,郭政弘,邵志明,97/04/21,保留式核閱報告--依被投資公司未經會計師查核報告認列投資損益
2008,1,1102,亞泥,勤業眾信會計師事務所,戴信維,郭俐雯,97/04/24,保留式核閱報告--依被投資公司未經會計師查核報告認列投資損益
2008,1,1103,嘉泥,勤業眾信會計師事務所,仲  偉,涂三遷,97/04/24,保留(附加其他事項說明段)--欲強調某一事項、依被投資公司未經會計師查核報告認列投資損益
2008,1,1104,環球水泥,資誠會計師事務所,王嘉瑜,蕭金木,97/04/27,保留式核閱報告--依被投資公司未經會計師查核報告認列投資損益
2008,1,1108,幸福水泥,勤業眾信 會 計 師 事 務 所,陳招美,謝建新,97/04/21,保留式核閱報告--依被投資公司未經會計師查核報告認列投資損益
2008,1,1109,信大水泥,資誠會計師事務所,賴宗羲,周育正,97/04/25,保留式核閱報告--依被投資公司未經會計師查核報告認列投資損益
2008,1,1110,東泥,建興聯合會計師事務所,蔡淑滿,劉奕宏,97/04/25,保留式核閱報告--依被投資公司未經會計師查核報告認列投資損益
2008,1,1201,味全公司,資誠會計師事務所,陳永清,王照明,97/04/25,保留(附加其他事項說明段)--欲強調某一事項、依被投資公司未經會計師查核報告認列投資損益
2008,1,1203,味王公司,大中國際聯合會計師事務所,林寬照,溫明郁,97/04/25,保留式核閱報告--依被投資公司未經會計師查核報告認列投資損益
2008,1,1210,大成長城,安侯建業會計師事務所,丁玉山,許育峰,97/04/28,保留式核閱報告--依被投資公司未經會計師查核報告認列投資損益
2008,1,1213,大飲,安永會計師事務所,賴明陽,鄭戊水,97/04/18,保留式核閱報告--依被投資公司未經會計師查核報告認列投資損益
2008,1,1215,卜蜂企業,資誠會計師事務所,翁世榮,吳郁隆,97/04/30,保留式核閱報告--依被投資公司未經會計師查核報告認列投資損益
2008,1,1216,統一,資誠會計師事務所,林姿妤,王偉臣,97/04/28,保留式核閱報告--依被投資公司未經會計師查核報告認列投資損益
2008,1,1217,愛之味,建興聯合會計師事務所,劉奕宏,柯清泉,97/04/26,保留式核閱報告--依被投資公司未經會計師查核報告認列投資損益
2008,1,1218,泰山企業,安侯建業會計師事務所,陳嘉修,簡蒂暖,97/04/29,保留式核閱報告--依被投資公司未經會計師查核報告認列投資損益
2008,1,1219,福壽實業,群智聯合會計師事務所,黃奕睿,陳郁惠,97/04/17,保留式核閱報告--依被投資公司未經會計師查核報告認列投資損益
2008,1,1220,台榮,立本台灣聯合會計師事務所,柯俊輝,柯俊榮,97/04/21,保留式核閱報告--依被投資公司未經會計師查核報告認列投資損益
2008,1,1225,福懋油,勤業眾信會計師事務所,謝建新,陳招美,97/04/21,保留式核閱報告--依被投資公司未經會計師查核報告認列投資損益
2008,1,1227,佳格,勤業眾信會計師事務所,許庭禎,郭文吉,97/04/17,保留式核閱報告--依被投資公司未經會計師查核報告認列投資損益
2008,1,1229,聯華實業,安侯建業會計師事務所,許淑敏,楊柳鋒,97/04/24,保留式核閱報告--依被投資公司未經會計師查核報告認列投資損益
2008,1,1231,聯華食品,勤業眾信會計師事務所,蔡振財,陳清祥,97/04/21,保留式核閱報告--依被投資公司未經會計師查核報告認列投資損益
2008,1,1232,大統益,資誠會計師事務所,林姿妤,林億彰,97/04/22,保留式核閱報告--依被投資公司未經會計師查核報告認列投資損益
2008,1,1233,天仁,致遠 聯 合 會 計 師 事 務 所,"蕭翠慧 (YYY代表會計�/td>鄧泗堂 (YYY代表會計�/td>97/04/16
保留式核閱報告--依被投資公司未經會計師查核報告認列投資損益","鄧泗堂 (YYY代表會計�/td>97/04/16
保留式核閱報告--依被投資公司未經會計師查核報告認列投資損益",97/04/16,保留式核閱報告--依被投資公司未經會計師查核報告認列投資損益
2008,1,1234,黑松,勤業眾信會計師事務所,林義峰,陳慧銘,97/04/15,保留式核閱報告--依被投資公司未經會計師查核報告認列投資損益
2008,1,1235,興泰,第一聯合會計師事務所,王戊昌,甘有財,97/04/19,保留式核閱報告--依被投資公司未經會計師查核報告認列投資損益
2008,1,1236,宏亞食品,安永會計師事務所,賴明陽,鄭戊水,97/04/18,保留式核閱報告--依被投資公司未經會計師查核報告認列投資損益
2008,1,1301,台塑,安侯建業會計師事務所,寇惠植,李慈慧,97/04/24,保留式核閱報告--依被投資公司未經會計師查核報告認列投資損益
2008,1,1303,南亞塑膠,安侯建業會計師事務所,李慈慧,寇惠植,97/04/23,保留式核閱報告--依被投資公司未經會計師查核報告認列投資損益
2008,1,1304,台聚,勤業眾信會計師事務所,郭慈容,黃秀椿,97/04/26,保留式核閱報告--依被投資公司未經會計師查核報告認列投資損益
2008,1,1305,華夏,勤 業 眾 信 會 計 師 事 務 所,郭慈容,黃秀椿,97/04/22,保留式核閱報告--依被投資公司未經會計師查核報告認列投資損益
2008,1,1307,三芳化工,安侯建業會計師事務所,楊博任,陳國宗,97/04/22,保留式核閱報告--依被投資公司未經會計師查核報告認列投資損益
2008,1,1308,亞聚,勤 業 眾 信 會 計 師 事 務 所,黃 秀 椿,王 小 蕙,97/04/23,保留式核閱報告--依被投資公司未經會計師查核報告認列投資損益
2008,1,1309,台達化工,勤業眾信會計師事務所,韋亮發,王小蕙,97/04/24,保留式核閱報告--依被投資公司未經會計師查核報告認列投資損益
2008,1,1312,國喬石化,第一聯合會計師事務所,蕭英嘉,張福郎,97/04/23,保留式核閱報告--依被投資公司未經會計師查核報告認列投資損益
2008,1,1313,聯成,勤業眾信會計師事務所,郭文吉,許庭禎,97/04/23,保留式核閱報告--依被投資公司未經會計師查核報告認列投資損益
2008,1,1314,中石化,安侯建業會計師事務所,陳富煒,林琬琬,97/04/21,保留式核閱報告--依被投資公司未經會計師查核報告認列投資損益
2008,1,1315,達新工業,第一聯合會計師事務所,王戊昌,甘有財,97/04/25,保留式核閱報告--依被投資公司未經會計師查核報告認列投資損益
2008,1,1316,上曜,資誠會計師事務所,李明憲,林姿妤,97/04/28,保留式核閱報告--依被投資公司未經會計師查核報告認列投資損益
2008,1,1319,東陽,安永會計師事務所,黃世杰,王金來,97/04/18,保留式核閱報告--依被投資公司未經會計師查核報告認列投資損益
2008,1,1321,大洋,安侯建業會計師事務所,蔡松棋,呂觀文,97/04/21,保留式核閱報告--依被投資公司未經會計師查核報告認列投資損益
2008,1,1323,永裕,勤業眾信會計師事務所,林卉娟,李季珍,97/04/18,保留式核閱報告--依被投資公司未經會計師查核報告認列投資損益
2008,1,1324,地球工業,安永會計師事務所,黃素珍,楊智惠,97/04/18,保留式核閱報告--依被投資公司未經會計師查核報告認列投資損益
2008,1,1325,恒大,勤業眾信會計師事務所,蕭天厚,張瑞娜,97/04/18,保留式核閱報告--依被投資公司未經會計師查核報告認列投資損益
2008,1,1326,台化,安永會計師事務所,阮呂倩,鄭戊水,97/04/22,保留式核閱報告--依被投資公司未經會計師查核報告認列投資損益
2008,1,1402,遠東新,勤業眾信會計師事務所,施景彬,吳恩銘,97/04/24,保留式核閱報告--依被投資公司未經會計師查核報告認列投資損益
2008,1,1409,新纖,勤業眾信會計師事務所,"王錦燕 (YYY代表會計�/td>李麗凰 (YYY代表會計�/td>97/04/22
保留式核閱報告--依被投資公司未經會計師查核報告認列投資損益","李麗凰 (YYY代表會計�/td>97/04/22
保留式核閱報告--依被投資公司未經會計師查核報告認列投資損益",97/04/22,保留式核閱報告--依被投資公司未經會計師查核報告認列投資損益
2008,1,1410,南染,資誠會計師事務所,吳漢期,周哲毅,97/04/29,保留式核閱報告--依被投資公司未經會計師查核報告認列投資損益
2008,1,1413,宏洲纖維,立本台灣聯合會計師事務所,柯俊輝,陳玉芳,97/04/25,保留式核閱報告--依被投資公司未經會計師查核報告認列投資損益
2008,1,1414,東和,安侯建業會計師事務所,陳國宗,楊博任,97/04/18,標準式無保留核閱報告
2008,1,1416,廣豐,第一聯合會計師事務所,邱繼盛,張福郎,97/04/23,保留式核閱報告--依被投資公司未經會計師查核報告認列投資損益
2008,1,1417,嘉裕,勤業眾信會計師事務所,郭政弘,邵志明,97/04/23,保留式核閱報告--依被投資公司未經會計師查核報告認列投資損益
2008,1,1418,東華,勤業眾信會計師事務所,劉永富,陳杰忠,97/04/28,保留式核閱報告--適用新公報、依被投資公司未經會計師查核報告認列投資損益
2008,1,1419,新紡,勤業眾信會計師事務所,陳慧銘,林宜慧,97/04/24,標準式無保留核閱報告
2008,1,1423,利華羊毛,安永會計師事務所,鄧泗堂,戴興鉦,97/04/11,標準式無保留核閱報告
2008,1,1432,大魯閣,資誠會計師事務所,周筱姿,蕭金木,97/04/30,保留(附加其他事項說明段)--繼續經營假設有疑慮、欲強調某一事項、依被投資公司未經會計師查核報告認列投資損益
2008,1,1434,福懋興業,安 永 會 計 師 事 務 所,鄭戊水,阮呂倩,97/04/21,保留(附加其他事項說明段)--會計原則變動、依被投資公司未經會計師查核報告認列投資損益
2008,1,1435,中福國際,勤業眾信會計師事務所,陳照敏會計師,劉江抱會計師,97/04/17,保留式核閱報告--依被投資公司未經會計師查核報告認列投資損益
2008,1,1436,華友聯,勤業眾信會計師事務所,吳恩銘,施景彬,97/04/11,標準式無保留核閱報告
2008,1,1437,勤益投控,安侯建業會計師事務所,呂莉莉,關春修,97/04/22,保留式核閱報告--依被投資公司未經會計師查核報告認列投資損益
2008,1,1438,裕豐,安泰聯合會計師事務所,萬文慧,陳兆宏,97/04/16,保留(附加其他事項說明段)--繼續經營假設有疑慮、依被投資公司未經會計師查核報告認列投資損益
2008,1,1439,中和羊毛,安 永 會 計 師 事 務 所,"戴興鉦 (YYY代表會計�/td>潘愛華 (YYY代表會計�/td>97/04/27
標準式無保留核閱報告","潘愛華 (YYY代表會計�/td>97/04/27
標準式無保留核閱報告",97/04/27,標準式無保留核閱報告
2008,1,1440,南紡,資誠會計師事務所,林姿妤,林億彰,97/04/26,保留(附加其他事項說明段)--採用其他會計師查核且欲區分責任、會計原則變動、依被投資公司未經會計師查核報告認列投資損益
2008,1,1441,大東紡織,安侯建業會計師事務所,李慈慧,吳秋華,97/04/25,保留式核閱報告--依被投資公司未經會計師查核報告認列投資損益
2008,1,1442,名軒,惠眾會計師事務所,盧聯生,項文婷,97/04/19,保留式核閱報告--依被投資公司未經會計師查核報告認列投資損益
2008,1,1443,立益紡織,第一聯合會計師事務所,甘有財,張福郎,97/04/21,保留式核閱報告--依被投資公司未經會計師查核報告認列投資損益
2008,1,1444,力麗,勤業眾信會計師事務所,余鴻賓,邱明玉,97/04/23,保留式核閱報告--依被投資公司未經會計師查核報告認列投資損益
2008,1,1445,大宇紡織,勤業眾信會計師事務所,韋亮發,王小蕙,97/04/17,標準式無保留核閱報告
2008,1,1446,宏和,安 永 會 計 師 事 務 所,黃崇輝,黃世杰,97/04/18,保留(附加其他事項說明段)--會計原則變動、依被投資公司未經會計師查核報告認列投資損益
2008,1,1447,力鵬,勤業眾信會計師事務所,余鴻賓,邱明玉,97/04/22,保留式核閱報告--依被投資公司未經會計師查核報告認列投資損益
2008,1,1449,佳和實業,安侯建業會計師事務所,陳國宗,張嘉信,97/04/29,保留式核閱報告--依被投資公司未經會計師查核報告認列投資損益
2008,1,1451,年興紡織,勤業眾信會計師事務所,卓明信,吳恩銘,97/04/21,保留式核閱報告--依被投資公司未經會計師查核報告認列投資損益
2008,1,1452,宏益,立本台灣聯合會計師事務所,"柯俊輝 (YYY代表會計�/td>陳玉芳 (YYY代表會計�/td>97/04/17
保留式核閱報告--依被投資公司未經會計師查核報告認列投資損益","陳玉芳 (YYY代表會計�/td>97/04/17
保留式核閱報告--依被投資公司未經會計師查核報告認列投資損益",97/04/17,保留式核閱報告--依被投資公司未經會計師查核報告認列投資損益
2008,1,1453,大將,勤業眾信會計師事務所,郭榮芳,鄧治萍,97/04/25,保留式核閱報告--適用新公報、依被投資公司未經會計師查核報告認列投資損益
2008,1,1454,台富,勤業眾信會計師事務所,游素環,陳慧銘,97/04/20,標準式無保留核閱報告
2008,1,1455,集盛,第 一 聯 合 會 計 師 事 務 所,蕭英嘉,張福郎,97/04/23,修正式無保留核閱報告--會計原則變動
2008,1,1456,怡華,惠眾會 計 師 事 務 所,"盧聯生 (YYY代表會計�/td>項文婷 (YYY代表會計�/td>97/04/28
保留式核閱報告--依被投資公司未經會計師查核報告認列投資損益","項文婷 (YYY代表會計�/td>97/04/28
保留式核閱報告--依被投資公司未經會計師查核報告認列投資損益",97/04/28,保留式核閱報告--依被投資公司未經會計師查核報告認列投資損益
2008,1,1457,宜進,安侯建業會計師事務所,張淑瑩,曾國禓,97/04/28,保留式核閱報告--依被投資公司未經會計師查核報告認列投資損益
2008,1,1459,聯發紡織,勤業眾信會計師事務所,林  谷  同,劉  永  富,97/04/16,保留式核閱報告--依被投資公司未經會計師查核報告認列投資損益
2008,1,1460,宏遠,勤業眾信會計師事務所,林卉娟,施景彬,97/04/23,保留式核閱報告--依被投資公司未經會計師查核報告認列投資損益
2008,1,1463,強盛染整,安侯建業會計師事務所,魏忠華,吳美萍,97/04/25,保留式核閱報告--依被投資公司未經會計師查核報告認列投資損益
2008,1,1464,得力實業,勤 業 眾 信 會 計 師 事 務 所,李季珍,龔俊吉,97/04/24,標準式無保留核閱報告
2008,1,1465,偉全實業,立 本 台 灣 聯 合 會 計 師 事 務 所,劉克宜,許坤錫,97/04/19,保留式核閱報告--依被投資公司未經會計師查核報告認列投資損益
2008,1,1466,聚隆,建智聯合會計師事務所,紀敏滄,陳靜宜,97/04/21,保留式核閱報告--依被投資公司未經會計師查核報告認列投資損益
2008,1,1467,南緯實業,安侯建業會計師事務所,簡蒂暖,吳昭德,97/04/28,保留式核閱報告--依被投資公司未經會計師查核報告認列投資損益
2008,1,1468,昶和纖維,勤業眾信會計師事務所,許庭禎,郭文吉,97/04/25,保留式核閱報告--依被投資公司未經會計師查核報告認列投資損益
2008,1,1469,理隆纖維,資誠會計師事務所,蔡金拋,邱昭賢,97/04/28,標準式無保留核閱報告
2008,1,1470,大統染,勤業眾信會計師事務所,林谷同,陳杰忠,97/04/22,保留式核閱報告--依被投資公司未經會計師查核報告認列投資損益
2008,1,1471,首利,資誠會計師事務所,吳漢期,蕭春鴛,97/04/28,修正式無保留核閱報告--會計原則變動
2008,1,1472,三洋紡,勤業眾信會計師事務所,林谷同 (代表會計師1),劉永富 (代表會計師),97/04/02,保留式核閱報告--依被投資公司未經會計師查核報告認列投資損益
2008,1,1473,台南企業,資誠會計師事務所,劉子猛,林姿妤,97/04/28,保留式核閱報告--依被投資公司未經會計師查核報告認列投資損益
2008,1,1474,弘裕,建智聯合會計師事務所,紀敏滄,陳靜宜,97/04/18,保留式核閱報告--依被投資公司未經會計師查核報告認列投資損益
2008,1,1475,本盟光電,資誠會計師事務所,翁世榮,張淑瓊,97/04/29,保留式核閱報告--依被投資公司未經會計師查核報告認列投資損益
2008,1,1476,儒鴻,安侯建業會計師事務所,寇惠植,曾國禓,97/04/25,保留式核閱報告--依被投資公司未經會計師查核報告認列投資損益
2008,1,1477,聚陽實業,安侯建業會計師事務所,陳蓓琪,陳雅琳,97/04/28,保留(附加其他事項說明段)--會計原則變動、依被投資公司未經會計師查核報告認列投資損益
2008,1,1503,士電,勤業眾信會計師事務所,許庭禎,郭文吉,97/04/21,保留式核閱報告--依被投資公司未經會計師查核報告認列投資損益
2008,1,1504,東元電機,資誠會計師事務所,高文宏,支秉鈞,97/04/25,保留(附加其他事項說明段)--會計原則變動、適用新公報、依被投資公司未經會計師查核報告認列投資損益
2008,1,1506,正道,安侯建業會計師事務所,"林琬琬 (YYY代表會計�/td>連淑凌 (YYY代表會計�/td>97/04/29
保留式核閱報告--依被投資公司未經會計師查核報告認列投資損益","連淑凌 (YYY代表會計�/td>97/04/29
保留式核閱報告--依被投資公司未經會計師查核報告認列投資損益",97/04/29,保留式核閱報告--依被投資公司未經會計師查核報告認列投資損益
2008,1,1507,永大機電,建昇財稅聯合會計師事務所,林昇平,蔡季嫻,97/04/21,保留式核閱報告--依被投資公司未經會計師查核報告認列投資損益
2008,1,1512,瑞利,勤業眾信會計師事務所,吳秋燕,郭麗園,96/04/23,保留式核閱報告--依被投資公司未經會計師查核報告認列投資損益
2008,1,1513,中興電,鼎信聯合會計師事務所,林春枝,林金鳳,97/04/21,保留式核閱報告--依被投資公司未經會計師查核報告認列投資損益
2008,1,1514,亞力電機,惠眾會計師事務所,卓敏枝,洪佑伶,97/04/22,保留式核閱報告--依被投資公司未經會計師查核報告認列投資損益
2008,1,1515,力山,安侯建業會計師事務所,張字信,魏忠華,97/04/22,保留式核閱報告--依被投資公司未經會計師查核報告認列投資損益
2008,1,1516,川飛,安侯建業會計師事務所,張字信,于紀隆,97/04/21,保留式核閱報告--依被投資公司未經會計師查核報告認列投資損益
2008,1,1517,利奇機械,勤業眾信會計師事務所,成德潤,羅瑞霖,97/04/18,保留式核閱報告--依被投資公司未經會計師查核報告認列投資損益
2008,1,1519,華城電機,勤業眾信會計師事務所,李東峰,郭政弘,97/04/21,保留(附加其他事項說明段)--會計原則變動、依被投資公司未經會計師查核報告認列投資損益
2008,1,1521,大億,勤業眾信會計師事務所,黃李松,李季珍,97/04/22,保留式核閱報告--依被投資公司未經會計師查核報告認列投資損益
2008,1,1522,堤維西,安永會計師事務所,黃崇輝,黃世杰,97/04/22,保留式核閱報告--依被投資公司未經會計師查核報告認列投資損益
2008,1,1524,耿鼎企業,正風聯合會計師事務所,鄭憲修,曾國富,97/04/22,保留式核閱報告--依被投資公司未經會計師查核報告認列投資損益
2008,1,1525,江申工業,勤業眾信會計師事務所,郭政弘,邵志明,97/04/11,保留式核閱報告--依被投資公司未經會計師查核報告認列投資損益
2008,1,1526,日馳,立 本 台 灣 聯 合 會 計 師 事 務 所,柯 俊 輝,陳 玉 芳,97/04/23,保留式核閱報告--依被投資公司未經會計師查核報告認列投資損益
2008,1,1527,鑽全,安永會計師事務所,林鴻光,嚴文筆,98/04/24,保留式核閱報告--依被投資公司未經會計師查核報告認列投資損益
2008,1,1528,恩德,安 侯 建 業 會 計 師 事 務 所,俞 安 恬,許 育 峰,97/04/23,保留式核閱報告--依被投資公司未經會計師查核報告認列投資損益
2008,1,1529,樂士,建智聯合會計師事務所,陳宇頌,周芳文,97/04/23,保留式核閱報告--依被投資公司未經會計師查核報告認列投資損益
2008,1,1530,亞崴機電,敬業會計師事務所,王日春會計師,黃勝義會計師,97/04/16,保留式核閱報告--依被投資公司未經會計師查核報告認列投資損益
2008,1,1531,高林股,勤業眾信會計師事務所,洪玉美,陳清祥,97/04/25,保留式核閱報告--依被投資公司未經會計師查核報告認列投資損益
2008,1,1532,勤美,安侯建業會計師事務所,楊美雪,陳雅琳,97/04/28,保留式核閱報告--依被投資公司未經會計師查核報告認列投資損益
2008,1,1533,車王電,資誠會計師事務所,蕭珍琪,張志安,97/04/25,保留式核閱報告--依被投資公司未經會計師查核報告認列投資損益
2008,1,1535,中宇,勤業眾信會計師事務所,"邱慧吟(勤業眾信代表�/td>江佳玲(勤業眾信代表�/td>97/04/10
保留式核閱報告--依被投資公司未經會計師查核報告認列投資損益","江佳玲(勤業眾信代表�/td>97/04/10
保留式核閱報告--依被投資公司未經會計師查核報告認列投資損益",97/04/10,保留式核閱報告--依被投資公司未經會計師查核報告認列投資損益
2008,1,1536,和大工業,資誠會計師事務所,洪淑華,張志安,97/04/28,保留式核閱報告--依被投資公司未經會計師查核報告認列投資損益
2008,1,1537,廣隆光電,資誠會計師事務所,洪淑華,張志安,97/04/26,保留式核閱報告--依被投資公司未經會計師查核報告認列投資損益
2008,1,1538,正峰新,亞 東 聯 合 會 計 師 事 務 所,"呂正樂 (YYY代表會計�/td>林鴻基 (YYY代表會計�/td>97/04/23
保留式核閱報告--依被投資公司未經會計師查核報告認列投資損益","林鴻基 (YYY代表會計�/td>97/04/23
保留式核閱報告--依被投資公司未經會計師查核報告認列投資損益",97/04/23,保留式核閱報告--依被投資公司未經會計師查核報告認列投資損益
2008,1,1539,巨庭機械,鼎 信 聯 合 會 計 師 事 務 所,黃素絹,蕭溪明,97/04/21,保留式核閱報告--依被投資公司未經會計師查核報告認列投資損益
2008,1,1540,喬福機械,資誠會計師事務所,洪淑華,張志安,97/04/28,保留式核閱報告--依被投資公司未經會計師查核報告認列投資損益
2008,1,1541,錩泰,安 永 會 計 師 事 務 所,游朝堂,涂清淵,97/04/18,標準式無保留核閱報告
2008,1,1558,伸興,安 永 會 計 師 事 務 所,嚴 文 筆,涂 清 淵,97/04/24,保留式核閱報告--依被投資公司未經會計師查核報告認列投資損益
2008,1,1560,中砂,勤業眾信會計師事務所,張清福,陳清祥,97/04/15,修正式無保留核閱報告--欲強調某一事項
2008,1,1582,信錦,勤 業 眾 信 會 計 師 事 務 所,李東峰,張敬人,97/04/21,保留(附加其他事項說明段)--會計原則變動、依被投資公司未經會計師查核報告認列投資損益
2008,1,1583,程泰,敬 業 會 計 師 事 務 所,王日春,黃勝義,97/04/21,保留式核閱報告--適用新公報、依被投資公司未經會計師查核報告認列投資損益
2008,1,1603,華電,勤業眾信會計師事務所,蕭天厚,張瑞娜,97/04/22,保留式核閱報告--依被投資公司未經會計師查核報告認列投資損益
2008,1,1604,聲寶,勤 業 眾 信 會 計 師 事 務 所,徐  文  亞,楊　民　賢,97/04/25,保留式核閱報告--依被投資公司未經會計師查核報告認列投資損益
2008,1,1605,華新,勤業眾信會計師事務所,邱明玉,盧啟昌,97/04/25,修正式無保留核閱報告--會計原則變動
2008,1,1608,華榮,安侯建業會計師事務所,楊博任,許振隆,97/04/18,保留式核閱報告--依被投資公司未經會計師查核報告認列投資損益
2008,1,1609,大亞電線,群 智 聯 合 會 計 師 事 務 所,黃奕睿,莊景福,97/04/18,保留式核閱報告--依被投資公司未經會計師查核報告認列投資損益
2008,1,1611,中電,群信聯 合 會 計 師 事 務 所,李仍晃,謝文益,97/04/24,保留式核閱報告--依被投資公司未經會計師查核報告認列投資損益
2008,1,1612,宏泰,安永會計師事務所,佟韻玲,李明昱,97/04/14,保留式核閱報告--依被投資公司未經會計師查核報告認列投資損益
2008,1,1613,台一,安侯建業會計師事務所,曾國禓,張淑瑩,97/04/29,保留式核閱報告--依被投資公司未經會計師查核報告認列投資損益
2008,1,1614,三洋電,第一聯合會計師事務所,高佩,張福郎,97/04/14,保留(附加其他事項說明段)--會計原則變動、依被投資公司未經會計師查核報告認列投資損益
2008,1,1615,大山,安侯建業會計師事務所,連淑凌,楊柳鋒,97/04/21,標準式無保留核閱報告
2008,1,1616,億泰,安侯建業會計師事務所,魏忠華,陳振乾,97/04/25,保留式核閱報告--依被投資公司未經會計師查核報告認列投資損益
2008,1,1617,榮星電線,安 侯 建 業 會 計 師 事 務 所,方 惠 玲,陳 惠 媛,97/04/18,保留式核閱報告--依被投資公司未經會計師查核報告認列投資損益
2008,1,1618,合機公司,勤 業 眾 信 會 計 師 事 務 所,郭榮芳,翁榮隨,97/04/22,保留式核閱報告--依被投資公司未經會計師查核報告認列投資損益
2008,1,1701,中化,資誠會計師事務所,林鈞堯,王照明,97/04/25,保留式核閱報告--適用新公報、依被投資公司未經會計師查核報告認列投資損益
2008,1,1702,南僑化工,安侯建業會計師事務所,黃柏淑,俞安恬,97/04/23,保留式核閱報告--依被投資公司未經會計師查核報告認列投資損益
2008,1,1704,榮化,德 昌 聯 合 會 計 師 事 務 所,朱 威 任(YYY代表會計,林 建 邦(YYY代表會計,97/04/25,保留式核閱報告--依被投資公司未經會計師查核報告認列投資損益
2008,1,1707,葡萄王,大中國際聯合會計師事務所,許伯彥,李聰明,97/04/17,保留式核閱報告--依被投資公司未經會計師查核報告認列投資損益
2008,1,1708,東鹼,安侯建業會計師事務所,林秀玉,唐慈杰,97/04/21,保留式核閱報告--依被投資公司未經會計師查核報告認列投資損益
2008,1,1709,和益化工,立本台灣聯合會計師事務所,陳玉芳,柯俊榮,97/04/18,保留式核閱報告--依被投資公司未經會計師查核報告認列投資損益
2008,1,1710,東聯,勤業眾信會計師事務所,郭俐雯,范有偉,97/04/14,保留式核閱報告--依被投資公司未經會計師查核報告認列投資損益
2008,1,1711,永光化學,安侯建業會計師事務所,林秀玉,唐慈杰,97/04/21,保留式核閱報告--依被投資公司未經會計師查核報告認列投資損益
2008,1,1712,興農,勤 業 眾 信 會 計 師 事 務 所,曾 棟 鋆,吳 麗 冬,97/04/23,保留式核閱報告--依被投資公司未經會計師查核報告認列投資損益
2008,1,1713,國化,安永會計師事務所,鄧泗堂,戴興鉦,97/04/18,標準式無保留核閱報告
2008,1,1714,和桐化學,資誠會計師事務所,王照明,翁世榮,97/04/30,保留式核閱報告--依被投資公司未經會計師查核報告認列投資損益
2008,1,1715,萬洲化學,資誠會計師事務所,蔡金拋,杜佩玲,97/04/25,保留式核閱報告--依被投資公司未經會計師查核報告認列投資損益
2008,1,1717,長興材料,資誠會計師事務所,王國華(YYY代表會計師,林姿妤(YYY代表會計師,97/04/29,保留式核閱報告--依被投資公司未經會計師查核報告認列投資損益
2008,1,1718,中纖,勤 業 眾 信 會 計 師 事 務 所,徐文亞,王自軍,97/04/28,保留式核閱報告--依被投資公司未經會計師查核報告認列投資損益
2008,1,1720,生達化學,資誠會計師事務所,林姿妤,林億彰,97/04/25,保留式核閱報告--依被投資公司未經會計師查核報告認列投資損益
2008,1,1721,三晃,勤業眾信會計師事務所,吳麗冬會計師,羅瑞霖會計師,97/04/18,保留式核閱報告--依被投資公司未經會計師查核報告認列投資損益
2008,1,1722,台肥,正風聯合會計師事務所,丁鴻勛,賴永吉,97/04/25,保留式核閱報告--依被投資公司未經會計師查核報告認列投資損益
2008,1,1723,中碳,勤業眾信會計師事務所,曾光敏,江佳玲,97/04/10,保留式核閱報告--依被投資公司未經會計師查核報告認列投資損益
2008,1,1724,台硝,資誠會計師事務所,李燕娜,曾國華,97/04/22,保留式核閱報告--依被投資公司未經會計師查核報告認列投資損益
2008,1,1725,元禎,勤業眾信會計師事務所,張耿禧,涂三遷,97/04/15,保留(附加其他事項說明段)--會計原則變動、依被投資公司未經會計師查核報告認列投資損益
2008,1,1726,永記造漆,集智會計師事務所,柯宗立,林來福,97/04/24,保留式核閱報告--依被投資公司未經會計師查核報告認列投資損益
2008,1,1727,中華化學,安 永 會 計 師 事 務 所,佟韻玲,鄭戊水,97/04/18,保留式核閱報告--依被投資公司未經會計師查核報告認列投資損益
2008,1,1729,必翔實業,勤業眾信會計師事務所,郭政弘,邵志明,97/04/15,保留式核閱報告--依被投資公司未經會計師查核報告認列投資損益
2008,1,1730,花仙子,鼎信聯合會計師事務所,林松樹,王昌勝,97/04/18,保留式核閱報告--依被投資公司未經會計師查核報告認列投資損益
2008,1,1731,美吾華,廣信益群會 計 師 事 務 所,陳永琳,郭欣訓,97/04/28,保留式核閱報告--依被投資公司未經會計師查核報告認列投資損益
2008,1,1732,毛寶,資誠會計師事務所,吳郁隆,周哲毅,97/04/25,保留式核閱報告--依被投資公司未經會計師查核報告認列投資損益、其他
2008,1,1733,五鼎,勤 業 眾 信 會 計 師 事 務 所,林鴻鵬,黃樹傑,97/04/21,保留式核閱報告--依被投資公司未經會計師查核報告認列投資損益
2008,1,1734,杏輝藥品,鼎信聯 合 會 計 師 事 務 所,諶清,黃志成,97/04/17,保留式核閱報告--依被投資公司未經會計師查核報告認列投資損益
2008,1,1735,日勝化,安永會計師事務所,林鴻光,(二余)清淵,97/04/20,保留式核閱報告--依被投資公司未經會計師查核報告認列投資損益
2008,1,1736,喬山健康,安 永 會 計 師 事 務 所,林鴻光,嚴文筆,97/04/24,保留式核閱報告--依被投資公司未經會計師查核報告認列投資損益
2008,1,1737,臺鹽,勤業眾信會計師事務所,黃李松,李季珍,97/04/24,修正式無保留核閱報告--會計原則變動
2008,1,1802,台玻,安永會計師事務所,鄧泗堂,蕭翠慧,97/04/24,保留式核閱報告--依被投資公司未經會計師查核報告認列投資損益
2008,1,1805,寶徠,誠信聯合會計師事務所,陳功源,曾裕,97/04/24,保留式核閱報告--依被投資公司未經會計師查核報告認列投資損益
2008,1,1806,冠軍,安侯建業會計師事務所,賴麗真,簡蒂暖,97/04/30,保留式核閱報告--依被投資公司未經會計師查核報告認列投資損益
2008,1,1808,潤隆,安侯建業會計師事務所,簡蒂暖,曾國禓,97/04/18,標準式無保留核閱報告
2008,1,1809,中釉,安 永 會 計 師 事 務 所,黃素珍,楊智惠,96/04/18,保留式核閱報告--依被投資公司未經會計師查核報告認列投資損益
2008,1,1810,和成,安侯建業 會 計 師 事 務 所,許淑敏,楊柳鋒,97/04/23,保留式核閱報告--依被投資公司未經會計師查核報告認列投資損益
2008,1,1902,台紙,勤業眾信會計師事務所,張清福,柯志賢,97/04/18,保留式核閱報告--依被投資公司未經會計師查核報告認列投資損益
2008,1,1903,士紙,惠眾會計師事務所,卓敏枝,盧聯生,97/04/16,標準式無保留核閱報告
2008,1,1904,正隆,安侯建業會計師事務所,黃耀明,魏忠華,97/04/25,保留式核閱報告--依被投資公司未經會計師查核報告認列投資損益
2008,1,1905,華紙,安 侯 建 業 會 計 師 事 務 所,俞安恬會計師,許育峰會計師,97/04/15,保留式核閱報告--依被投資公司未經會計師查核報告認列投資損益
2008,1,1906,寶隆,立本台灣聯合會計師事務所,會計師:陶鴻文,會計師:曾炳霖,97/04/08,保留式核閱報告--依被投資公司未經會計師查核報告認列投資損益
2008,1,1907,永豐餘,勤業眾信會計師事務所,邵志明,林淑婉,97/04/22,保留式核閱報告--依被投資公司未經會計師查核報告認列投資損益
2008,1,1909,榮成,立本台灣聯合會計師事務所,陶鴻文,顏榮裕,97/04/14,保留式核閱報告--依被投資公司未經會計師查核報告認列投資損益
2008,1,2002,中鋼,勤業眾信會計師事務所,龔俊吉,張日炎,97/04/21,保留(附加其他事項說明段)--會計原則變動、依被投資公司未經會計師查核報告認列投資損益
2008,1,2006,東和鋼鐵,安侯建業會計師事務所,李慈慧,吳秋華,97/04/28,保留式核閱報告--依被投資公司未經會計師查核報告認列投資損益
2008,1,2007,燁興公司,正風聯合會計師事務所,周銀來,黃國師,97/04/18,保留式核閱報告--依被投資公司未經會計師查核報告認列投資損益
2008,1,2008,高興昌,安侯建業會計師事務所,陳國宗,楊博任,97/04/21,保留式核閱報告--依被投資公司未經會計師查核報告認列投資損益
2008,1,2009,第一伸銅,安侯建業會計師事務所,許振隆,楊博任,97/04/17,標準式無保留核閱報告
2008,1,2010,春源鋼鐵,第一 聯 合 會 計 師 事 務 所,林志隆,邱繼盛,97/04/16,保留式核閱報告--依被投資公司未經會計師查核報告認列投資損益
2008,1,2012,春雨,建興聯合會計師事務所,李青霖,蔡淑滿,97/04/22,保留式核閱報告--依被投資公司未經會計師查核報告認列投資損益
2008,1,2013,中鋼構,勤業眾信會計師事務所,吳秋燕,江佳玲,97/04/15,保留式核閱報告--依被投資公司未經會計師查核報告認列投資損益
2008,1,2014,中鴻,勤業眾信會計師事務所,江佳玲,邱慧吟,97/04/10,保留式核閱報告--依被投資公司未經會計師查核報告認列投資損益
2008,1,2015,豐興鋼鐵,安 永 會 計 師 事 務 所,"涂清淵 (YYY代表會計�/td>嚴文筆 (YYY代表會計�/td>97/04/21
保留式核閱報告--依被投資公司未經會計師查核報告認列投資損益","嚴文筆 (YYY代表會計�/td>97/04/21
保留式核閱報告--依被投資公司未經會計師查核報告認列投資損益",97/04/21,保留式核閱報告--依被投資公司未經會計師查核報告認列投資損益
2008,1,2017,官田鋼,勤業眾信會計師事務所,李季珍,龔俊吉,97/04/11,保留式核閱報告--依被投資公司未經會計師查核報告認列投資損益
2008,1,2020,美亞鋼管,鼎信聯合會計師事務所,林春枝,黃志成,97/04/25,保留式核閱報告--依被投資公司未經會計師查核報告認列投資損益
2008,1,2022,聚亨,正風聯合會計師事務所,周銀來,徐素琴,97/04/23,保留式核閱報告--依被投資公司未經會計師查核報告認列投資損益
2008,1,2023,燁輝,建 興 聯 合 會 計 師 事 務 所,黃鈴雯,李青霖,97/04/24,保留式核閱報告--依被投資公司未經會計師查核報告認列投資損益
2008,1,2024,志聯工業,安侯建業 會 計 師 事 務 所,許育峰,呂莉莉,97/04/21,保留式核閱報告--依被投資公司未經會計師查核報告認列投資損益
2008,1,2025,千興,資誠會計師事務所,王國華,林姿妤,97/04/25,保留式核閱報告--依被投資公司未經會計師查核報告認列投資損益
2008,1,2027,大成鋼,勤業眾信會計師事務所,李季珍,龔俊吉,97/04/21,保留式核閱報告--適用新公報、依被投資公司未經會計師查核報告認列投資損益
2008,1,2028,威致鋼鐵,建興聯合會計師事務所,蔡淑滿,黃鈴雯,97/04/25,保留式核閱報告--依被投資公司未經會計師查核報告認列投資損益
2008,1,2029,盛餘,勤業眾信會計師事務所,曾光敏,邱慧吟,97/04/18,保留式核閱報告--依被投資公司未經會計師查核報告認列投資損益
2008,1,2030,彰源,勤業眾信會計師事務所,羅瑞霖,蔣淑菁,97/04/21,保留式核閱報告--依被投資公司未經會計師查核報告認列投資損益
2008,1,2031,新光鋼,勤業眾信會計師事務所,周以隆,翁榮隨,97/04/23,修正式無保留核閱報告--會計原則變動
2008,1,2032,新鋼工業,第 一 聯 合 會 計 師 事 務 所,林志隆,甘有財,97/04/18,保留(附加其他事項說明段)--會計原則變動、依被投資公司未經會計師查核報告認列投資損益
2008,1,2033,佳大世界,建 誠 聯 合 會 計 師 事 務 所,林敏雄,李定安,97/04/24,保留式核閱報告--適用新公報、依被投資公司未經會計師查核報告認列投資損益
2008,1,2034,允強,中國財務會計師事務所,柯天賜,吳靜儒,97/04/18,標準式無保留核閱報告
2008,1,2059,川湖,勤業眾信會計師事務所,江佳玲,郭麗園,97/04/18,修正式無保留核閱報告--欲強調某一事項
2008,1,2062,橋椿,勤業眾信會計師事務所,成德潤,蔣淑菁,97/04/21,保留式核閱報告--依被投資公司未經會計師查核報告認列投資損益
2008,1,2101,南港輪胎,正 風 聯 合 會 計 師 事 務 所,周銀來,賴永吉,97/04/19,標準式無保留核閱報告
2008,1,2102,泰豐輪胎,資誠會計師事務所,翁世榮,吳德豐,97/04/28,保留式核閱報告--適用新公報、依被投資公司未經會計師查核報告認列投資損益
2008,1,2103,台橡,安侯建業會計師事務所,陳雅琳,張惠貞,97/04/14,保留式核閱報告--依被投資公司未經會計師查核報告認列投資損益
2008,1,2104,中橡,勤業眾信會計師事務所,吳美慧,楊明哲,97/04/21,保留(附加其他事項說明段)--會計原則變動、依被投資公司未經會計師查核報告認列投資損益
2008,1,2105,正新,資誠會計師事務所,蕭珍琪,張志安,97/04/28,保留式核閱報告--依被投資公司未經會計師查核報告認列投資損益
2008,1,2106,建大,鼎信聯合會計師事務所,蕭溪明,林明壽,97/04/19,保留式核閱報告--依被投資公司未經會計師查核報告認列投資損益
2008,1,2107,厚生,正風聯合會計師事務所,徐素琴,周銀來,97/04/18,保留式核閱報告--依被投資公司未經會計師查核報告認列投資損益
2008,1,2108,南帝化工,資誠會計師事務所,劉子猛,林姿妤,97/04/24,保留式核閱報告--依被投資公司未經會計師查核報告認列投資損益
2008,1,2109,華豐橡膠,群 智 聯 合 會 計 師 事 務 所,黃 奕 睿,陳 郁 惠,97/04/19,保留式核閱報告--依被投資公司未經會計師查核報告認列投資損益
2008,1,2114,鑫永銓,資誠會計師事務所,蕭珍琪,洪淑華,97/04/25,保留式核閱報告--依被投資公司未經會計師查核報告認列投資損益
2008,1,2201,裕隆汽車,勤業眾信會計師事務所,范有偉,戴信維,97/04/21,保留式核閱報告--依被投資公司未經會計師查核報告認列投資損益
2008,1,2204,中華汽車,勤業眾信會計師事務所,郭政弘,邵志明,97/04/21,保留式核閱報告--依被投資公司未經會計師查核報告認列投資損益
2008,1,2206,三陽工業,安侯建業會計師事務所,曾國禓,陳嘉修,97/04/28,保留(附加其他事項說明段)--欲強調某一事項、依被投資公司未經會計師查核報告認列投資損益
2008,1,2207,和泰汽車,資誠會計師事務所,薛明玲,蕭金木,97/04/29,保留式核閱報告--依被投資公司未經會計師查核報告認列投資損益
2008,1,2227,裕隆日產,勤 業 眾 信 會 計 師 事 務 所,謝建新,陳招美,97/04/14,保留式核閱報告--依被投資公司未經會計師查核報告認列投資損益
2008,1,2231,為升,安 侯 建 業 會 計 師 事 務 所,張字信,陳君滿,97/04/24,保留式核閱報告--依被投資公司未經會計師查核報告認列投資損益
2008,1,2301,光寶科技,勤業眾信會計師事務所,陳清祥,張日炎,97/04/23,保留式核閱報告--依被投資公司未經會計師查核報告認列投資損益
2008,1,2302,麗正,安 侯 建 業 會 計 師 事 務 所,張 淑 瑩,陳 嘉 修,97/04/28,保留式核閱報告--依被投資公司未經會計師查核報告認列投資損益
2008,1,2303,聯電,安永會計師事務所,王金來,李明昱,97/04/21,修正式無保留核閱報告--採用其他會計師查核且欲區分責任
2008,1,2305,全友電腦,安侯建業會計師事務所,魏忠華,曾渼鈺,97/04/24,保留式核閱報告--依被投資公司未經會計師查核報告認列投資損益
2008,1,2308,台達電,資誠會計師事務所,蔡金拋,葉冠妏,97/04/22,保留式核閱報告--適用新公報、依被投資公司未經會計師查核報告認列投資損益
2008,1,2311,日月光,勤業眾信會計師事務所,龔俊吉,郭麗園,97/04/22,標準式無保留核閱報告
2008,1,2312,金寶電子,立本台灣聯合會計師事務所,陳玉芳,柯俊榮,97/04/10,保留(附加其他事項說明段)--會計原則變動、依被投資公司未經會計師查核報告認列投資損益
2008,1,2313,華通,正風聯合會計師事務所,丁鴻勛,賴永吉,97/04/23,保留式核閱報告--依被投資公司未經會計師查核報告認列投資損益
2008,1,2314,台揚科技,資誠會計師事務所,劉銀妃,林玉寬,97/04/27,保留式核閱報告--依被投資公司未經會計師查核報告認列投資損益
2008,1,2316,楠梓電,勤 業 眾 信 會 計 師 事 務 所,江佳玲,龔俊吉,97/04/18,保留式核閱報告--依被投資公司未經會計師查核報告認列投資損益
2008,1,2317,鴻海,資誠會計師事務所,李燕松,徐永堅,97/04/28,保留(附加其他事項說明段)--會計原則變動、依被投資公司未經會計師查核報告認列投資損益
2008,1,2321,東訊,資誠會計師事務所,曾國華,鄭雅慧,97/04/30,保留式核閱報告--依被投資公司未經會計師查核報告認列投資損益
2008,1,2323,中環,資誠會計師事務所,王照明,翁世榮,97/04/29,保留(附加其他事項說明段)--會計原則變動、依被投資公司未經會計師查核報告認列投資損益
2008,1,2324,仁寶電腦,安侯建業會計師事務所,羅瑞蘭,顏幸福,97/04/14,保留式核閱報告--依被投資公司未經會計師查核報告認列投資損益
2008,1,2325,矽品,資誠會計師事務所,王偉臣,林玉寬,97/04/25,保留式核閱報告--依被投資公司未經會計師查核報告認列投資損益
2008,1,2327,國巨,勤業眾信會計師事務所,謝建新,陳招美,98/03/27,保留(附加其他事項說明段)--會計原則變動、欲強調某一事項、依被投資公司未經會計師查核報告認列投資損益
2008,1,2328,廣宇,資誠會計師事務所,徐永堅,蕭春鴛,97/04/28,保留(附加其他事項說明段)--會計原則變動、依被投資公司未經會計師查核報告認列投資損益
2008,1,2329,華泰電子,安永會計師事務所,侯榮顯,黃崇輝,97/04/25,保留式核閱報告--依被投資公司未經會計師查核報告認列投資損益
2008,1,2330,台積電,勤業眾信會計師事務所,黃鴻文,張銘政,97/04/09,修正式無保留核閱報告--會計原則變動
2008,1,2331,精英,勤業眾信會計師事務所,韋亮發,王小蕙,97/04/17,保留式核閱報告--依被投資公司未經會計師查核報告認列投資損益
2008,1,2332,友訊科技,安侯建業會計師事務所,高渭川,魏興海,97/04/21,保留式核閱報告--依被投資公司未經會計師查核報告認列投資損益
2008,1,2337,旺宏,勤 業 眾 信 會 計 師 事 務 所,林 鴻 鵬,張 日 炎,97/04/22,保留(附加其他事項說明段)--會計原則變動、依被投資公司未經會計師查核報告認列投資損益
2008,1,2338,光罩,資誠會計師事務所,林玉寬,劉銀妃,97/04/29,保留式核閱報告--依被投資公司未經會計師查核報告認列投資損益
2008,1,2340,光磊,資誠會計師事務所,賴宗羲,周育正,97/04/29,保留(附加其他事項說明段)--前期由其他會計師查核、欲強調某一事項、適用新公報、依被投資公司未經會計師查核報告認列投資損益
2008,1,2342,茂矽,調和聯合會計師事務所,高榮熙,楊芝芬,97/04/24,保留式核閱報告--依被投資公司未經會計師查核報告認列投資損益
2008,1,2344,華邦電,勤業眾信會計師事務所,盧啟昌,邱明玉,97/04/10,標準式無保留核閱報告
2008,1,2345,智邦科技,勤業眾信會計師事務所,黃裕峰,黃樹傑,97/04/25,保留(附加其他事項說明段)--會計原則變動、依被投資公司未經會計師查核報告認列投資損益
2008,1,2347,聯強國際,資誠會計師事務所,曾惠瑾,葉翠苗,97/04/28,保留式核閱報告--適用新公報、依被投資公司未經會計師查核報告認列投資損益
2008,1,2348,海悅,勤業眾信會計師事務所,戴信維,范有偉,97/04/11,標準式無保留核閱報告
2008,1,2349,錸德科技,安永會計師事務所,佟韻玲,黃素珍,97/04/23,保留式核閱報告--依被投資公司未經會計師查核報告認列投資損益
2008,1,2351,順德,鼎 信 聯 合 會 計 師 事 務 所,蕭溪明,林明壽,97/04/21,保留式核閱報告--依被投資公司未經會計師查核報告認列投資損益
2008,1,2352,佳世達,安侯建業會計師事務所,唐慈杰,張惠貞,97/04/25,保留式核閱報告--依被投資公司未經會計師查核報告認列投資損益
2008,1,2353,宏碁,安侯建業會計師事務所,張惠貞,楊美雪,97/04/18,保留式核閱報告--依被投資公司未經會計師查核報告認列投資損益
2008,1,2354,鴻準,資誠會計師事務所,徐永堅,蕭春鴛,97/04/28,保留(附加其他事項說明段)--會計原則變動、依被投資公司未經會計師查核報告認列投資損益
2008,1,2355,敬鵬,安 侯 建 業 會 計 師 事 務 所,俞 安 恬,呂 莉 莉,97/04/17,保留(附加其他事項說明段)--會計原則變動、適用新公報、依被投資公司未經會計師查核報告認列投資損益
2008,1,2356,英業達,安侯建業會計師事務所,林琬琬,陳眉芳,97/04/23,保留式核閱報告--適用新公報、依被投資公司未經會計師查核報告認列投資損益
2008,1,2357,華碩,安永會計師事務所,李明昱,楊智惠,97/04/28,保留(附加其他事項說明段)--採用其他會計師查核且欲區分責任、會計原則變動、欲強調某一事項、依被投資公司未經會計師查核報告認列投資損益
2008,1,2358,廷鑫,勤業眾信會計師事務所,郭慈容,韋亮發,97/04/21,保留式核閱報告--依被投資公司未經會計師查核報告認列投資損益
2008,1,2359,所羅門,資誠會計師事務所,蕭金木,周筱姿,97/04/28,保留式核閱報告--依被投資公司未經會計師查核報告認列投資損益
2008,1,2360,致茂電子,勤業眾信會計師事務所,林文欽,郭俐雯,97/04/17,保留式核閱報告--依被投資公司未經會計師查核報告認列投資損益
2008,1,2362,藍天,資誠會計師事務所,馮敏娟,賴宗羲,97/04/25,保留式核閱報告--適用新公報、依被投資公司未經會計師查核報告認列投資損益
2008,1,2363,矽統科技,安 永 會 計 師 事 務 所,王彥鈞,梁益彰,97/04/14,保留式核閱報告--依被投資公司未經會計師查核報告認列投資損益
2008,1,2364,倫飛電腦,安 侯 建 業 會 計 師 事 務 所,黃柏淑,王明志,97/04/25,保留式核閱報告--依被投資公司未經會計師查核報告認列投資損益
2008,1,2365,昆盈企業,勤業眾信會計師事務所,吳美慧,張日炎,97/04/11,保留(附加其他事項說明段)--會計原則變動、依被投資公司未經會計師查核報告認列投資損益
2008,1,2367,燿華,安侯建業會計師事務所,王清松,林恒昇,97/04/18,保留式核閱報告--依被投資公司未經會計師查核報告認列投資損益
2008,1,2368,金像電,眾信聯合會計師事務所,周以隆會計師,陳昭伶會計師,97/04/22,保留式核閱報告--依被投資公司未經會計師查核報告認列投資損益
2008,1,2369,菱生,勤業眾信會計師事務所,吳麗冬,成德潤,97/04/21,保留式核閱報告--依被投資公司未經會計師查核報告認列投資損益
2008,1,2371,大同,安 永 會 計 師 事 務 所,張庭銘,李明昱,97/04/28,保留式核閱報告--依被投資公司未經會計師查核報告認列投資損益
2008,1,2373,震旦行,勤業眾信會計師事務所,林谷同,陳杰忠,97/04/22,保留式核閱報告--適用新公報、依被投資公司未經會計師查核報告認列投資損益
2008,1,2374,佳能,資 誠 會 計 師 事 務 所,曾惠瑾,林兆民,97/04/21,保留(附加其他事項說明段)--會計原則變動、前期由其他會計師查核、欲強調某一事項、依被投資公司未經會計師查核報告認列投資損益
2008,1,2375,智寶,勤業眾信會計師事務所,施景彬,吳恩銘,97/04/18,保留式核閱報告--依被投資公司未經會計師查核報告認列投資損益
2008,1,2376,技嘉,資誠會計師事務所,張明輝,林瑟凱,97/04/28,保留式核閱報告--依被投資公司未經會計師查核報告認列投資損益
2008,1,2377,微星科技,資誠會計師事務所,周筱姿,蕭金木,97/04/25,保留式核閱報告--依被投資公司未經會計師查核報告認列投資損益
2008,1,2379,瑞昱,資 誠 會 計 師 事 務 所,"劉銀妃 (YYY代表會計�/td>林玉寬 (YYY代表會計�/td>97/04/24
保留式核閱報告--依被投資公司未經會計師查核報告認列投資損益","林玉寬 (YYY代表會計�/td>97/04/24
保留式核閱報告--依被投資公司未經會計師查核報告認列投資損益",97/04/24,保留式核閱報告--依被投資公司未經會計師查核報告認列投資損益
2008,1,2380,虹光精密,資誠會計師事務所,林玉寬,王偉臣,97/04/26,保留式核閱報告--依被投資公司未經會計師查核報告認列投資損益
2008,1,2382,廣達,安侯建業會計師事務所,林琬琬,連淑凌,97/04/21,保留(附加其他事項說明段)--採用其他會計師查核且欲區分責任、依被投資公司未經會計師查核報告認列投資損益
2008,1,2383,台光電子,安侯建業 會 計 師 事 務 所,江忠儀(YYY代表會計師,連淑凌(YYY代表會計師,97/04/21,保留式核閱報告--依被投資公司未經會計師查核報告認列投資損益
2008,1,2385,群光電子,資誠會計師事務所,李燕松,翁世榮,97/04/28,保留式核閱報告--適用新公報、依被投資公司未經會計師查核報告認列投資損益
2008,1,2387,精元電腦,資誠會計師事務所,陳永清,張志安,97/04/28,保留式核閱報告--依被投資公司未經會計師查核報告認列投資損益
2008,1,2388,威盛電子,勤業眾信會計師事務所,楊民賢,陳昭鋒,97/04/23,保留式核閱報告--依被投資公司未經會計師查核報告認列投資損益
2008,1,2390,云辰,資誠會計師事務所,馮敏娟,曾惠瑾,97/04/29,保留(附加其他事項說明段)--前期由其他會計師查核、依被投資公司未經會計師查核報告認列投資損益
2008,1,2392,正崴,資誠會計師事務所,周筱姿,張明輝,97/04/29,保留式核閱報告--依被投資公司未經會計師查核報告認列投資損益
2008,1,2393,億光電子,安侯建業會計師事務所,黃耀明,羅瑞蘭,97/04/18,保留式核閱報告--依被投資公司未經會計師查核報告認列投資損益
2008,1,2395,研華,勤 業 眾 信 會 計 師 事 務 所,柯志賢,林安惠,97/04/24,保留式核閱報告--適用新公報、依被投資公司未經會計師查核報告認列投資損益
2008,1,2397,友通資訊,勤業眾信會計師事務所,吳恩銘,施景彬,97/04/15,保留式核閱報告--依被投資公司未經會計師查核報告認列投資損益
2008,1,2399,映泰,勤業眾信會計師事務所,楊 清 鎮,翁 榮 隨,97/04/25,保留式核閱報告--依被投資公司未經會計師查核報告認列投資損益
2008,1,2401,凌陽科技,勤業眾信會計師事務所,林鴻鵬,黃樹傑,97/04/11,保留式核閱報告--依被投資公司未經會計師查核報告認列投資損益
2008,1,2402,毅嘉科技,勤業眾信會計師事務所,林宜慧,陳慧銘,97/04/19,保留式核閱報告--依被投資公司未經會計師查核報告認列投資損益
2008,1,2404,漢唐,安 侯 建 業 會 計 師 事 務 所,李宗霖,方燕玲,97/04/22,保留式核閱報告--依被投資公司未經會計師查核報告認列投資損益
2008,1,2405,浩鑫,勤 業 眾 信 會 計 師 事 務 所,謝 建 新,陳 招 美,97/04/21,保留式核閱報告--依被投資公司未經會計師查核報告認列投資損益
2008,1,2406,國碩科技,安永會計師事務所,曾瑞燕,張志銘,97/04/24,保留式核閱報告--依被投資公司未經會計師查核報告認列投資損益
2008,1,2408,南亞科,安侯建業會計師事務所,李慈慧,寇惠植,97/04/21,保留式核閱報告--依被投資公司未經會計師查核報告認列投資損益
2008,1,2409,友達,安侯建業會計師事務所,魏興海會計師,魏忠華會計師,97/04/25,保留式核閱報告--依被投資公司未經會計師查核報告認列投資損益
2008,1,2412,中華電,勤業眾信會計師事務所,謝建新,吳恩銘,97/04/19,保留(附加其他事項說明段)--會計原則變動、依被投資公司未經會計師查核報告認列投資損益
2008,1,2413,環科,安永會計師事務所,涂清淵,林鴻光,97/04/26,保留式核閱報告--依被投資公司未經會計師查核報告認列投資損益
2008,1,2414,精技電腦,安永會計師事務所,李明昱,陳慕賢,97/04/22,保留式核閱報告--依被投資公司未經會計師查核報告認列投資損益
2008,1,2415,錩新,勤業眾信會計師事務所,黃秀椿,王小蕙,97/04/24,保留式核閱報告--依被投資公司未經會計師查核報告認列投資損益
2008,1,2417,圓剛,勤業眾信會計師事務所,林文欽,李耀欽,97/04/15,保留(附加其他事項說明段)--會計原則變動、依被投資公司未經會計師查核報告認列投資損益
2008,1,2419,仲琦,立本台灣聯合會計師事務所,許坤錫,劉克宜,97/03/31,保留式核閱報告--適用新公報、依被投資公司未經會計師查核報告認列投資損益
2008,1,2420,新巨,安 侯 建 業 會 計 師 事 務 所,關春修,王明志,97/04/23,保留式核閱報告--依被投資公司未經會計師查核報告認列投資損益
2008,1,2421,建準電機,建興聯合會計師事務所,黃鈴雯,蔡淑滿,97/04/24,保留式核閱報告--依被投資公司未經會計師查核報告認列投資損益
2008,1,2423,固緯,致遠會計師事務所,鄧泗堂,蕭翠慧,97/04/14,保留式核閱報告--依被投資公司未經會計師查核報告認列投資損益
2008,1,2424,隴華電子,資誠會計師事務所,翁世榮,吳郁隆,97/04/25,保留(附加其他事項說明段)--前期由其他會計師查核、欲強調某一事項、依被投資公司未經會計師查核報告認列投資損益
2008,1,2425,承啟,勤 業 眾 信 會 計 師 事 務 所,郭麗園,江佳玲,97/04/18,標準式無保留核閱報告
2008,1,2426,鼎元,勤業眾信會計師事務所,林宗燕,張榮銘,97/04/18,保留式核閱報告--依被投資公司未經會計師查核報告認列投資損益
2008,1,2427,三商電腦,立本台灣聯合會計師事務所,劉克宜,張書成,97/04/18,保留式核閱報告--依被投資公司未經會計師查核報告認列投資損益
2008,1,2428,興勤電子,勤業眾信會計師事務所,曾光敏,龔俊吉,97/04/21,修正式無保留核閱報告--欲強調某一事項
2008,1,2429,銘旺科,建智聯合會計師事務所,周芳文,陳宇頌,97/04/24,修正式無保留核閱報告--欲強調某一事項
2008,1,2430,燦坤實業,資誠會計師事務所,蔡金拋,林鈞堯,97/04/21,保留式核閱報告--適用新公報、依被投資公司未經會計師查核報告認列投資損益
2008,1,2431,聯昌電子,資誠會計師事務所,"曾惠瑾( 代表會計師1�/td>支秉鈞( 代表會計師2�/td>97/04/28
保留式核閱報告--依被投資公司未經會計師查核報告認列投資損益","支秉鈞( 代表會計師2�/td>97/04/28
保留式核閱報告--依被投資公司未經會計師查核報告認列投資損益",97/04/28,保留式核閱報告--依被投資公司未經會計師查核報告認列投資損益
2008,1,2433,互盛電,勤業眾信會計師事務所,林谷同(YYY代表會計師,黃海悅(YYY代表會計師,97/04/18,保留式核閱報告--依被投資公司未經會計師查核報告認列投資損益
2008,1,2434,統懋,勤業眾信會計師事務所,李季珍,黃李松,97/04/18,保留式核閱報告--依被投資公司未經會計師查核報告認列投資損益
2008,1,2436,偉詮電,勤業眾信會計師事務所,林政治,黃樹傑,97/04/17,保留式核閱報告--依被投資公司未經會計師查核報告認列投資損益
2008,1,2437,旺詮,勤業眾信會計師事務所,郭麗園,曾光敏,97/04/18,保留式核閱報告--依被投資公司未經會計師查核報告認列投資損益
2008,1,2438,翔耀實業,第一聯合 會 計 師 事 務 所,林志隆,邱繼盛,97/04/25,保留式核閱報告--依被投資公司未經會計師查核報告認列投資損益
2008,1,2439,美律,資誠會計師事務所,蕭珍琪,張志安,97/04/25,保留式核閱報告--依被投資公司未經會計師查核報告認列投資損益
2008,1,2440,太空梭,立本台灣聯合會計師事務所,劉克宜,張書成,97/04/16,保留式核閱報告--依被投資公司未經會計師查核報告認列投資損益
2008,1,2441,超豐電子,勤 業 眾 信 會 計 師 事 務 所,黃裕峰,黃鴻文,97/04/11,修正式無保留核閱報告--欲強調某一事項
2008,1,2442,新美齊,安 侯 建 業 會 計 師 事 務 所,李慈慧,寇惠植,97/04/21,保留式核閱報告--依被投資公司未經會計師查核報告認列投資損益
2008,1,2443,新利虹,勤業眾信會計師事務所,"林宗燕 (YYY代表會計�/td>張榮銘 (YYY代表會計�/td>97/04/24
保留式核閱報告--依被投資公司未經會計師查核報告認列投資損益","張榮銘 (YYY代表會計�/td>97/04/24
保留式核閱報告--依被投資公司未經會計師查核報告認列投資損益",97/04/24,保留式核閱報告--依被投資公司未經會計師查核報告認列投資損益
2008,1,2444,友旺科技,勤業眾信會計師事務所,陳錦章,張榮銘,97/04/11,保留式核閱報告--依被投資公司未經會計師查核報告認列投資損益
2008,1,2448,晶電,資誠會計師事務所,劉銀妃,曾國華,97/04/24,保留式核閱報告--依被投資公司未經會計師查核報告認列投資損益
2008,1,2449,京元電子,安 永 會 計 師 事 務 所,黃益輝,楊建國,97/04/16,保留式核閱報告--依被投資公司未經會計師查核報告認列投資損益
2008,1,2450,神腦,勤業眾信會計師事務所,謝建新,吳恩銘,97/04/11,保留(附加其他事項說明段)--會計原則變動、依被投資公司未經會計師查核報告認列投資損益
2008,1,2451,創見資訊,資誠會計師事務所,林鈞堯,王輝賢,97/04/28,保留式核閱報告--適用新公報、依被投資公司未經會計師查核報告認列投資損益
2008,1,2453,凌群,勤 業 眾 信 會 計 師 事 務 所,郭俐雯,范有偉,97/04/21,保留式核閱報告--依被投資公司未經會計師查核報告認列投資損益
2008,1,2454,聯發科,安 永 會 計 師 事 務 所,許新民,楊建國,97/04/18,修正式無保留核閱報告--會計原則變動
2008,1,2455,全新,資誠會計師事務所,李燕娜(YYY代表會計師,王嘉瑜(YYY代表會計師,97/04/21,標準式無保留核閱報告
2008,1,2456,奇力新,勤 業 眾 信 會 計 師 事 務 所,謝建新,陳招美,97/04/28,保留式核閱報告--依被投資公司未經會計師查核報告認列投資損益
2008,1,2457,飛宏科技,勤業眾信會計師事務所,余鴻賓,吳恪昌,97/04/18,保留式核閱報告--依被投資公司未經會計師查核報告認列投資損益
2008,1,2458,義隆,安侯建業會計師事務所,黃耀明 會計師,高渭川 會計師,97/04/21,保留式核閱報告--依被投資公司未經會計師查核報告認列投資損益
2008,1,2459,敦吉,安永會計師事務所,梁益彰,王金來,97/04/18,保留式核閱報告--依被投資公司未經會計師查核報告認列投資損益
2008,1,2460,建通精密,勤業眾信會計師事務所,江佳玲,邱慧吟,97/04/18,標準式無保留核閱報告
2008,1,2461,光群雷射,勤業眾信會計師事務所,"盧啟昌 (YYY代表會計�/td>邱明玉 (YYY代表會計�/td>97/04/15
保留式核閱報告--依被投資公司未經會計師查核報告認列投資損益","邱明玉 (YYY代表會計�/td>97/04/15
保留式核閱報告--依被投資公司未經會計師查核報告認列投資損益",97/04/15,保留式核閱報告--依被投資公司未經會計師查核報告認列投資損益
2008,1,2462,良得電,資誠會計師事務所,蕭金木,周筱姿,97/04/27,保留式核閱報告--依被投資公司未經會計師查核報告認列投資損益
2008,1,2464,盟立,勤業眾信會計師事務所,黃樹傑,黃裕峰,97/04/18,保留式核閱報告--依被投資公司未經會計師查核報告認列投資損益
2008,1,2465,麗臺科技,安侯建業會計師事務所,黃耀明,區耀軍,97/04/14,保留式核閱報告--依被投資公司未經會計師查核報告認列投資損益
2008,1,2466,冠西電,勤業眾信會計師事務所,吳恩銘,葉淑娟,97/04/21,保留式核閱報告--依被投資公司未經會計師查核報告認列投資損益
2008,1,2467,志聖工業,勤 業 眾 信 會 計 師 事 務 所,賴國旺,鄧治萍,97/04/22,保留式核閱報告--適用新公報、依被投資公司未經會計師查核報告認列投資損益
2008,1,2468,華經,勤業眾信會計師事務所,郭俐雯,林文欽,97/04/22,保留式核閱報告--依被投資公司未經會計師查核報告認列投資損益
2008,1,2471,資通,資誠會計師事務所,翁世榮,王輝賢,97/04/23,保留式核閱報告--依被投資公司未經會計師查核報告認列投資損益
2008,1,2472,立隆電子,安 永 會 計 師 事 務 所,嚴文筆,林鴻光,97/04/22,保留式核閱報告--依被投資公司未經會計師查核報告認列投資損益
2008,1,2474,可成科技,勤業眾信 會 計 師 事 務 所,江 佳 玲,邱 慧 吟,97/04/22,修正式無保留核閱報告--採用其他會計師查核且欲區分責任、會計原則變動
2008,1,2475,華映,安永會計師事務所,張庭銘,陳慕賢,97/04/28,保留式核閱報告--依被投資公司未經會計師查核報告認列投資損益
2008,1,2476,鉅祥,安 永 會 計 師 事 務 所,黃益輝,楊建國,97/04/24,保留式核閱報告--依被投資公司未經會計師查核報告認列投資損益
2008,1,2477,美隆電,大中國際聯合會計師事務所,張榕枝,林月霞,97/04/22,保留式核閱報告--適用新公報、依被投資公司未經會計師查核報告認列投資損益
2008,1,2478,大毅,安侯建業會計師事務所,呂觀文,蔡松棋,97/04/26,保留式核閱報告--依被投資公司未經會計師查核報告認列投資損益
2008,1,2480,敦陽科技,安 永 會 計 師 事 務 所,"黃益輝 (YYY代表會計�/td>楊建國 (YYY代表會計�/td>97/04/21
保留式核閱報告--依被投資公司未經會計師查核報告認列投資損益","楊建國 (YYY代表會計�/td>97/04/21
保留式核閱報告--依被投資公司未經會計師查核報告認列投資損益",97/04/21,保留式核閱報告--依被投資公司未經會計師查核報告認列投資損益
2008,1,2481,強茂,安 永 會 計 師 事 務 所,侯榮顯,黃世杰,97/04/21,保留(附加其他事項說明段)--會計原則變動、依被投資公司未經會計師查核報告認列投資損益
2008,1,2482,連宇,安侯建業會計師事務所,唐慈杰,陳雅琳,97/04/25,保留式核閱報告--依被投資公司未經會計師查核報告認列投資損益
2008,1,2483,百容,敬 業 會 計 師 事 務 所,王日春會計師,黃智敏會計師,97/04/18,保留式核閱報告--依被投資公司未經會計師查核報告認列投資損益
2008,1,2484,希華,安永會計師事務所,林鴻光,嚴文筆,97/04/16,保留式核閱報告--依被投資公司未經會計師查核報告認列投資損益
2008,1,2485,兆赫電子,資誠會計師事務所,周筱姿,蕭金木,97/04/28,保留式核閱報告--適用新公報、依被投資公司未經會計師查核報告認列投資損益
2008,1,2486,一詮精密,資誠會計師事務所,周筱姿,周哲毅,97/04/25,保留(附加其他事項說明段)--前期由其他會計師查核、欲強調某一事項、依被投資公司未經會計師查核報告認列投資損益
2008,1,2488,漢平,建興聯合會計師事務所,蘇炳章,黃鈴雯,97/04/16,保留式核閱報告--依被投資公司未經會計師查核報告認列投資損益
2008,1,2489,瑞軒,資誠會計師事務所,支秉鈞,蕭春鴛,97/04/25,保留式核閱報告--適用新公報、依被投資公司未經會計師查核報告認列投資損益
2008,1,2491,吉祥全,資 信 聯 合 會 計 師 事 務 所,蕭明芳,胡明松,97/04/30,保留式核閱報告--依被投資公司未經會計師查核報告認列投資損益
2008,1,2492,華新科,勤業眾信會計師事務所,邱  明  玉,盧  啟  昌,97/04/24,標準式無保留核閱報告
2008,1,2493,揚博科技,資誠會計師事務所,周筱姿,蕭金木,97/04/29,標準式無保留核閱報告
2008,1,2495,普安,安侯建業會計師事務所,林琬琬,江忠儀,97/04/18,保留式核閱報告--依被投資公司未經會計師查核報告認列投資損益
2008,1,2496,卓越成功,資誠會計師事務所,曾國華,王偉臣,97/04/29,保留(附加其他事項說明段)--繼續經營假設有疑慮、依被投資公司未經會計師查核報告認列投資損益
2008,1,2497,怡利電子,安永會計師事務所,涂清淵,林鴻光,97/04/11,保留式核閱報告--依被投資公司未經會計師查核報告認列投資損益
2008,1,2498,宏達電,勤業眾信會計師事務所,楊民賢,賴冠仲,97/04/11,修正式無保留核閱報告--會計原則變動
2008,1,2499,東貝光電,勤 業 眾 信 會 計 師 事 務 所,戴信維,陳忠勤,97/04/29,保留式核閱報告--依被投資公司未經會計師查核報告認列投資損益
2008,1,2501,國建,安永會計師事務所,徐榮煌,傅文芳,97/04/11,標準式無保留核閱報告
2008,1,2504,國產,安永會計師事務所,蔡勝文,王彥鈞,97/04/15,保留式核閱報告--依被投資公司未經會計師查核報告認列投資損益
2008,1,2505,國揚實業,資 信 聯 合 會 計 師 事 務 所,陳 榮 華,胡 明 松,97/04/21,保留式核閱報告--依被投資公司未經會計師查核報告認列投資損益
2008,1,2506,太設,安侯建業會計師事務所,陳嘉修,曾國禓,97/04/25,保留(附加其他事項說明段)--繼續經營假設有疑慮、依被投資公司未經會計師查核報告認列投資損益
2008,1,2509,全坤建,安侯建業會計師事務所,賴麗真,曾國禓,97/04/18,修正式無保留核閱報告--欲強調某一事項
2008,1,2511,太子,資誠會計師事務所,王國華,劉子猛,97/04/28,保留式核閱報告--依被投資公司未經會計師查核報告認列投資損益
2008,1,2514,龍邦國際,安侯建業會計師事務所,陳君滿,張字信,97/04/25,保留式核閱報告--依被投資公司未經會計師查核報告認列投資損益
2008,1,2515,中工,勤 業 眾 信 會 計 師 事 務 所,李東峰,張敬人,97/04/25,保留式核閱報告--依被投資公司未經會計師查核報告認列投資損益
2008,1,2516,新建,安侯建業會計師事務所,簡蒂暖,賴麗真,97/04/18,保留式核閱報告--依被投資公司未經會計師查核報告認列投資損益
2008,1,2520,冠德,安侯建業會計師事務所,簡蒂暖,曾國禓,97/04/27,保留式核閱報告--依被投資公司未經會計師查核報告認列投資損益
2008,1,2524,京城,調和聯合會計師事務所,陳良銘,卓傳陣,97/04/18,修正式無保留核閱報告--會計原則變動
2008,1,2527,宏璟,勤業眾信會計師事務所,吳怡君,黃瑞展,97/04/18,保留式核閱報告--依被投資公司未經會計師查核報告認列投資損益
2008,1,2528,皇普建設,建鴻會計師事務所,楊矗烽,辜錦章,97/04/10,保留(附加其他事項說明段)--繼續經營假設有疑慮、依被投資公司未經會計師查核報告認列投資損益
2008,1,2530,華建,調 和 聯 合 會 計 師 事 務 所,楊 芝 芬,吳 昆 益,97/04/18,保留式核閱報告--依被投資公司未經會計師查核報告認列投資損益
2008,1,2534,宏盛,惠眾會計師事務所,盧聯生,項文婷,97/04/25,保留式核閱報告--依被投資公司未經會計師查核報告認列投資損益
2008,1,2535,達工,勤 業 眾 信 會 計 師 事 務 所,洪玉美,張清福,97/04/21,保留式核閱報告--依被投資公司未經會計師查核報告認列投資損益
2008,1,2536,宏普建設,安侯建業會計師事務所,王清松,方燕玲,97/04/17,修正式無保留核閱報告--前期由其他會計師查核
2008,1,2537,聯上開發,安 侯 建 業 會 計 師 事 務 所,賴麗真,張淑瑩,97/04/14,標準式無保留核閱報告
2008,1,2538,基泰建設,安永會計師事務所,鄭戊水,賴明陽,97/04/18,保留式核閱報告--依被投資公司未經會計師查核報告認列投資損益
2008,1,2539,櫻花建設,立本台灣聯合會計師事務所,陶鴻文,曾炳霖,97/04/09,保留式核閱報告--依被投資公司未經會計師查核報告認列投資損益
2008,1,2540,愛山林,霈 昇 會 計 師 事 務 所,吳瑞卿,林育雅,97/04/25,保留式核閱報告--依被投資公司未經會計師查核報告認列投資損益、其他
2008,1,2542,興富發,安侯建業會計師事務所,簡蒂暖,賴麗真,97/04/18,保留式核閱報告--依被投資公司未經會計師查核報告認列投資損益
2008,1,2543,皇昌營造,霈 昇 會 計 師 事 務 所,林育雅,吳瑞卿,97/04/25,保留式核閱報告--依被投資公司未經會計師查核報告認列投資損益
2008,1,2545,皇翔,安侯建業會計師事務所,簡蒂暖,賴麗真,97/04/15,保留式核閱報告--依被投資公司未經會計師查核報告認列投資損益
2008,1,2546,根基,安 侯 建 業 會 計 師 事 務 所,簡蒂暖,曾國禓,97/04/17,保留式核閱報告--依被投資公司未經會計師查核報告認列投資損益
2008,1,2547,日勝,南 台 聯 合 會 計 師 事 務 所,張蔚誠,謝婉麗,97/04/21,保留式核閱報告--依被投資公司未經會計師查核報告認列投資損益
2008,1,2548,華固建設,資誠會計師事務所,蕭金木,周筱姿,97/04/24,保留式核閱報告--依被投資公司未經會計師查核報告認列投資損益
2008,1,2601,益航,安侯建業會計師事務所,張淑瑩,賴麗真,97/04/27,保留式核閱報告--依被投資公司未經會計師查核報告認列投資損益
2008,1,2603,長榮海運,資 誠 會 計 師 事 務 所,賴宗羲,周育正,97/04/29,保留式核閱報告--依被投資公司未經會計師查核報告認列投資損益
2008,1,2605,新興,資誠會計師事務所,翁世榮,吳郁隆,97/04/28,修正式無保留核閱報告--欲強調某一事項
2008,1,2606,裕民,勤業眾信會計師事務所,戴信維,郭俐雯,97/04/14,保留式核閱報告--依被投資公司未經會計師查核報告認列投資損益
2008,1,2607,榮運,資誠會計師事務所,賴宗羲,周育正,97/04/24,保留式核閱報告--依被投資公司未經會計師查核報告認列投資損益
2008,1,2608,嘉里大榮,建 智 聯 合 會 計 師 事 務 所,紀敏滄,陳貴端,97/04/22,保留式核閱報告--依被投資公司未經會計師查核報告認列投資損益
2008,1,2609,陽明海運,勤 業 眾 信 會 計 師 事 務 所,洪玉美,陳清祥,97/04/24,保留式核閱報告--依被投資公司未經會計師查核報告認列投資損益
2008,1,2610,華航,勤 業 眾 信 會 計 師 事 務 所,楊明哲,張日炎,97/04/24,保留式核閱報告--依被投資公司未經會計師查核報告認列投資損益
2008,1,2611,志信,勤業眾信會計師事務所,李東峰,張敬人,97/04/21,保留式核閱報告--依被投資公司未經會計師查核報告認列投資損益
2008,1,2612,中航,安侯建業會計師事務所,魏忠華,羅瑞蘭,97/04/21,保留式核閱報告--依被投資公司未經會計師查核報告認列投資損益
2008,1,2613,中櫃,安 永 會 計 師 事 務 所,阮呂倩,鄭戊水,97/04/23,保留式核閱報告--依被投資公司未經會計師查核報告認列投資損益
2008,1,2614,東森,眾智聯合會計師事務所,李佑民,楊永成,97/04/27,保留式核閱報告--依被投資公司未經會計師查核報告認列投資損益
2008,1,2615,萬海,安侯建業會計師事務所,呂莉莉,方燕玲,97/04/28,修正式無保留核閱報告--採用其他會計師查核且欲區分責任
2008,1,2616,山隆通運,安侯建業會計師事務所,顏幸褔,羅瑞蘭,97/04/22,保留式核閱報告--依被投資公司未經會計師查核報告認列投資損益
2008,1,2617,台航,勤業眾信會計師事務所,郭政弘,邵志明,97/04/16,保留式核閱報告--適用新公報、依被投資公司未經會計師查核報告認列投資損益
2008,1,2618,長榮航空,安 侯 建 業 會 計 師 事 務 所,陳雅琳,張嘉信,97/04/15,保留式核閱報告--依被投資公司未經會計師查核報告認列投資損益
2008,1,2701,萬企,勤業眾信會計師事務所,黃瑞展,吳怡君,97/04/11,標準式無保留核閱報告
2008,1,2702,華園,資誠會計師事務所,林億彰,王振東,97/04/28,保留式核閱報告--依被投資公司未經會計師查核報告認列投資損益
2008,1,2704,國賓,安永會計師事務所,賴明陽,鄭戊水,97/04/15,保留式核閱報告--依被投資公司未經會計師查核報告認列投資損益
2008,1,2705,六福,安侯建業會計師事務所,寇惠植,吳秋華,97/04/25,保留式核閱報告--依被投資公司未經會計師查核報告認列投資損益
2008,1,2706,第一店,勤業眾信會計師事務所,黃瑞展,張日炎,97/04/15,標準式無保留核閱報告
2008,1,2707,晶華酒店,資誠會計師事務所,蔡金拋,林鈞堯,97/04/21,保留式核閱報告--依被投資公司未經會計師查核報告認列投資損益
2008,1,2801,彰化銀行,勤業眾信會計師事務所,蔡宏祥,翁榮隨,97/04/24,標準式無保留核閱報告
2008,1,2809,京城銀行,安永會計師事務所,黃崇輝,潘愛華,97/04/12,標準式無保留核閱報告
2008,1,2812,台中銀行,勤業眾信會計師事務所,王自軍,林秀戀,97/04/15,修正式無保留核閱報告--欲強調某一事項
2008,1,2816,旺旺保險,安侯建業會計師事務所,鍾丹丹,丁玉山,97/04/25,修正式無保留核閱報告--前期由其他會計師查核、欲強調某一事項
2008,1,2820,華票,勤業眾信會計師事務所,楊明哲,陳麗琦,97/04/15,修正式無保留核閱報告--會計原則變動
2008,1,2823,中壽,安永會計師事務所,傅文芳,賴銘榮,97/04/24,修正式無保留核閱報告--會計原則變動
2008,1,2832,台產,勤 業 眾 信 會 計 師 事 務 所,陳昭鋒,楊民賢,97/04/18,保留式核閱報告--依被投資公司未經會計師查核報告認列投資損益
2008,1,2834,臺灣企銀,安侯建業會計師事務所,鍾丹丹,方燕玲,97/04/23,保留(附加其他事項說明段)--欲強調某一事項、其他
2008,1,2836,高銀,建興聯合會計師事務所,謝仁耀,蔡淑滿,97/04/25,保留式核閱報告--依被投資公司未經會計師查核報告認列投資損益
2008,1,2838,聯邦銀行,勤業眾信會計師事務所,吳怡君,張日炎,97/04/21,保留式核閱報告--其他
2008,1,2841,台灣土地,資誠會計師事務所,王照明,翁世榮,97/04/29,保留式核閱報告--依被投資公司未經會計師查核報告認列投資損益、其他
2008,1,2845,遠東商銀,勤業眾信會計師事務所,王小蕙,郭慈容,97/04/22,標準式無保留核閱報告
2008,1,2849,安泰銀行,勤業眾信會計師事務所,陳麗琦會計師,楊明哲會計師,97/04/29,保留式核閱報告--依被投資公司未經會計師查核報告認列投資損益
2008,1,2850,新產,安永會計師事務所,傅文芳,賴銘榮,97/04/22,修正式無保留核閱報告--會計原則變動
2008,1,2851,中再保,資誠會計師事務所,賴宗羲,陳賢儀,97/04/29,修正式無保留核閱報告--前期由其他會計師查核
2008,1,2852,第一保,勤 業 眾 信  會 計 師 事 務 所,林谷同,黃海悅,97/04/21,修正式無保留核閱報告--會計原則變動
2008,1,2855,統一證券,資誠會計師事務所,張明輝,蕭金木,97/04/25,保留式核閱報告--依被投資公司未經會計師查核報告認列投資損益
2008,1,2856,元富證券,安永會計師事務所,徐榮煌,王金來,97/04/15,保留式核閱報告--適用新公報、依被投資公司未經會計師查核報告認列投資損益
2008,1,2901,欣欣大眾,正風聯合會計師事務所,賴永吉會計師,丁鴻勛會計師,97/04/21,修正式無保留核閱報告--會計原則變動
2008,1,2903,遠百,勤 業 眾 信 會 計 師 事 務 所,施景彬,吳恩銘,97/04/18,保留式核閱報告--適用新公報、依被投資公司未經會計師查核報告認列投資損益
2008,1,2904,匯僑,資誠會計師事務所,潘慧玲,馮敏娟,97/04/28,保留式核閱報告--依被投資公司未經會計師查核報告認列投資損益
2008,1,2905,三商,立 本 台 灣 聯 合 會 計 師 事 務 所,劉克宜,張書成,98/04/19,保留式核閱報告--依被投資公司未經會計師查核報告認列投資損益、其他
2008,1,2906,高林實,安侯建業 會 計 師 事 務 所,林秀玉,王明志,97/04/21,保留式核閱報告--依被投資公司未經會計師查核報告認列投資損益
2008,1,2908,特力,勤 業 眾 信 會 計 師 事 務 所,邱明玉,盧啟昌,97/04/22,保留式核閱報告--依被投資公司未經會計師查核報告認列投資損益
2008,1,2910,統領,勤業眾信會計師事務所,郭慈容,王小蕙,97/04/23,標準式無保留核閱報告
2008,1,2911,麗嬰房,勤業眾信會計師事務所,吳恩銘,卓明信,97/04/21,保留式核閱報告--適用新公報、依被投資公司未經會計師查核報告認列投資損益
2008,1,2912,統一超,資誠會計師事務所,蔡金拋,張明輝,97/04/28,保留式核閱報告--依被投資公司未經會計師查核報告認列投資損益
2008,1,2913,台灣農林,鼎信聯合會計師事務所,黃志成,王昌勝,97/04/25,保留(附加其他事項說明段)--欲強調某一事項、依被投資公司未經會計師查核報告認列投資損益
2008,1,2915,潤泰全球,",勤業眾信會計師事務所",林文欽,李耀欽,97/04/25,保留式核閱報告--依被投資公司未經會計師查核報告認列投資損益
2008,1,3002,歐格電子,勤業眾信會計師事務所,謝建新,施景彬,97/04/18,保留式核閱報告--依被投資公司未經會計師查核報告認列投資損益
2008,1,3003,健和興,安永 會 計 師 事 務 所,涂清淵,嚴文筆,97/04/22,保留式核閱報告--依被投資公司未經會計師查核報告認列投資損益
2008,1,3004,豐達科技,資 誠 會 計 師 事 務 所,薛守宏,李燕娜,97/04/21,保留式核閱報告--依被投資公司未經會計師查核報告認列投資損益
2008,1,3005,神基科技,資誠會計師事務所,林玉寬,王偉臣,97/04/28,保留式核閱報告--依被投資公司未經會計師查核報告認列投資損益
2008,1,3006,晶豪科技,資誠會計師事務所,薛守宏,鄭雅慧,97/04/28,保留式核閱報告--適用新公報、依被投資公司未經會計師查核報告認列投資損益
2008,1,3010,華立,勤業眾信會計師事務所,郭麗園,龔俊吉,97/04/23,保留式核閱報告--依被投資公司未經會計師查核報告認列投資損益
2008,1,3011,今皓,勤業眾信會計師事務所,張敬人,李東峰,97/04/18,保留式核閱報告--依被投資公司未經會計師查核報告認列投資損益
2008,1,3013,晟銘電子,安侯建業會計師事務所,區耀軍,顏幸福,97/04/21,保留式核閱報告--依被投資公司未經會計師查核報告認列投資損益
2008,1,3014,聯陽,安 永 會 計 師 事 務 所,許新民,王金來,97/04/11,保留式核閱報告--依被投資公司未經會計師查核報告認列投資損益
2008,1,3015,全漢,安侯建業會計師事務所,關春修,呂莉莉,97/04/21,保留式核閱報告--適用新公報、依被投資公司未經會計師查核報告認列投資損益
2008,1,3016,嘉晶,資 誠 會 計 師 事 務 所,曾國華,王偉臣,97/04/28,保留式核閱報告--依被投資公司未經會計師查核報告認列投資損益
2008,1,3017,奇鋐科技,安永會計師事務所,黃崇輝,侯榮顯,97/04/21,保留式核閱報告--依被投資公司未經會計師查核報告認列投資損益
2008,1,3018,同開科技,安永會計師事務所,鄧泗堂,林麗凰,97/04/11,保留式核閱報告--依被投資公司未經會計師查核報告認列投資損益
2008,1,3019,亞洲光學,勤業眾信會計師事務所,呂惠民,吳麗冬,97/04/15,保留式核閱報告--依被投資公司未經會計師查核報告認列投資損益
2008,1,3021,鴻名企業,弘基聯合會計師事務所,張仕奇,莊俊華,97/04/12,保留式核閱報告--依被投資公司未經會計師查核報告認列投資損益
2008,1,3022,威強電,勤業眾信會計師事務所,酈  蘋,林淑婉,97/04/23,保留式核閱報告--依被投資公司未經會計師查核報告認列投資損益
2008,1,3023,信邦電子,安永會計師事務所,林鴻光,(二余)清淵,97/04/21,保留式核閱報告--依被投資公司未經會計師查核報告認列投資損益
2008,1,3024,憶聲電子,資誠會計師事務所,支秉鈞,徐永堅,97/04/28,保留(附加其他事項說明段)--會計原則變動、依被投資公司未經會計師查核報告認列投資損益
2008,1,3025,星通,勤業眾信會計師事務所,黃裕峰,黃樹傑,97/04/18,保留式核閱報告--依被投資公司未經會計師查核報告認列投資損益
2008,1,3026,禾伸堂,安 侯 建 業 會 計 師 事 務 所,王清松,林恒昇,97/04/17,保留式核閱報告--依被投資公司未經會計師查核報告認列投資損益
2008,1,3027,盛達電業,勤 業 眾 信 會 計 師 事 務 所,陳杰忠,劉永富,97/04/24,保留式核閱報告--適用新公報、依被投資公司未經會計師查核報告認列投資損益
2008,1,3028,增你強,資誠會計師事務所,蔡金拋,林鈞堯,97/04/25,保留式核閱報告--適用新公報、依被投資公司未經會計師查核報告認列投資損益
2008,1,3029,零壹科技,勤業眾信會計師事務所,林文欽,李耀欽,97/04/17,標準式無保留核閱報告
2008,1,3030,德律科技,資 誠 會 計 師 事 務 所,黎昌州,潘慧玲,97/04/21,保留式核閱報告--依被投資公司未經會計師查核報告認列投資損益
2008,1,3031,佰鴻工業,安 侯 建 業 會 計 師 事 務 所,顏幸福,區耀軍,97/04/21,保留式核閱報告--依被投資公司未經會計師查核報告認列投資損益
2008,1,3032,偉訓科技,勤業眾信會 計 師 事 務 所,"黃李松 (YYY代表會計�/td>龔俊吉(YYY代表會計師97/04/18
保留式核閱報告--依被投資公司未經會計師查核報告認列投資損益",龔俊吉(YYY代表會計師,97/04/18,保留式核閱報告--依被投資公司未經會計師查核報告認列投資損益
2008,1,3033,威健,安侯建業會計師事務所,黃耀明,區耀軍,97/04/18,保留式核閱報告--依被投資公司未經會計師查核報告認列投資損益
2008,1,3034,聯詠,安永會計師事務所,黃益輝,楊建國,97/04/16,保留式核閱報告--依被投資公司未經會計師查核報告認列投資損益
2008,1,3035,智原,安 永 會 計 師 事 務 所,許新民,王金來,97/04/10,保留式核閱報告--依被投資公司未經會計師查核報告認列投資損益
2008,1,3036,文曄科技,資誠會計師事務所,徐永堅,蕭春鴛,97/04/28,保留(附加其他事項說明段)--會計原則變動、依被投資公司未經會計師查核報告認列投資損益
2008,1,3037,欣興電子,資誠會計師事務所,吳漢期,蕭金木,97/04/21,保留式核閱報告--依被投資公司未經會計師查核報告認列投資損益
2008,1,3038,全台,安侯建業會計師事務所,楊博任,陳國宗,97/04/23,保留式核閱報告--依被投資公司未經會計師查核報告認列投資損益
2008,1,3040,遠見,勤業眾信會計師事務師,林文欽,陳忠勤,97/04/18,保留式核閱報告--依被投資公司未經會計師查核報告認列投資損益
2008,1,3041,揚智,安永會計師事務所,許新民,楊建國,97/04/11,保留式核閱報告--依被投資公司未經會計師查核報告認列投資損益
2008,1,3042,晶技,勤 業 眾 信 會 計 師 事 務 所,賴國旺,鄧治萍,97/04/16,保留式核閱報告--依被投資公司未經會計師查核報告認列投資損益
2008,1,3043,科風,德 昌 聯 合 會 計 師 事 務 所,"詹誠一 (YYY代表會計�/td>林建邦 (YYY代表會計�/td>97/04/29
保留式核閱報告--依被投資公司未經會計師查核報告認列投資損益","林建邦 (YYY代表會計�/td>97/04/29
保留式核閱報告--依被投資公司未經會計師查核報告認列投資損益",97/04/29,保留式核閱報告--依被投資公司未經會計師查核報告認列投資損益
2008,1,3044,健鼎科技,勤 業 眾 信 會 計 師 事 務 所,仲偉,虞成全,97/04/18,保留式核閱報告--依被投資公司未經會計師查核報告認列投資損益
2008,1,3045,台灣大,勤 業 眾 信 會 計 師 事 務 所,范有偉,郭俐雯,97/04/11,修正式無保留核閱報告--會計原則變動
2008,1,3046,建碁,安侯建業會計師事務所,張嘉信,林秀玉,97/04/11,保留式核閱報告--依被投資公司未經會計師查核報告認列投資損益
2008,1,3047,訊舟科技,霈昇會計師事務所,林憲章,林育雅,97/04/23,保留式核閱報告--依被投資公司未經會計師查核報告認列投資損益
2008,1,3048,益登,勤業眾信會計師事務所,林安惠,陳清祥,97/04/18,保留式核閱報告--依被投資公司未經會計師查核報告認列投資損益
2008,1,3049,和鑫,資誠會計師事務所,陳永清,支秉鈞,97/04/17,保留式核閱報告--依被投資公司未經會計師查核報告認列投資損益
2008,1,3050,鈺德科技,安永會計師事務所,佟韻玲會計師,黃素珍會計師,97/04/21,保留式核閱報告--依被投資公司未經會計師查核報告認列投資損益
2008,1,3051,力特光電,資誠會計師事務所,杜佩玲,王照明,97/04/29,保留(附加其他事項說明段)--前期由其他會計師查核、欲強調某一事項、依被投資公司未經會計師查核報告認列投資損益
2008,1,3052,夆典,資誠會計師事務所,王輝賢,翁世榮,97/04/26,保留式核閱報告--依被投資公司未經會計師查核報告認列投資損益
2008,1,3054,立萬利,資誠會計師事務所,陳永清,潘慧玲,97/04/22,保留式核閱報告--依被投資公司未經會計師查核報告認列投資損益
2008,1,3055,蔚華科技,安 永 會 計 師 事 務 所,黃益輝,楊建國,97/04/11,保留式核閱報告--適用新公報、依被投資公司未經會計師查核報告認列投資損益
2008,1,3056,總太地產,安侯建業 會 計 師 事 務 所,吳惠蘭,曾渼鈺,97/04/22,標準式無保留核閱報告
2008,1,3057,喬鼎資訊,勤業眾信會計師事務所,黃鴻文,林鴻鵬,97/04/16,保留(附加其他事項說明段)--欲強調某一事項、依被投資公司未經會計師查核報告認列投資損益
2008,1,3058,立德電子,安 永 會 計 師 事 務 所,李明昱,林秀湄,97/04/22,保留式核閱報告--依被投資公司未經會計師查核報告認列投資損益
2008,1,3059,華晶科技,資誠會計師事務所,曾國華,王偉臣,97/04/15,保留(附加其他事項說明段)--欲強調某一事項、依被投資公司未經會計師查核報告認列投資損益
2008,1,3060,銘異,安侯建業會計師事務所,吳美萍,黃耀明,97/04/21,保留式核閱報告--依被投資公司未經會計師查核報告認列投資損益
2008,1,3062,建漢科技,資誠會計師事務所,洪  慶  山,徐  永  堅,97/04/18,保留式核閱報告--適用新公報、依被投資公司未經會計師查核報告認列投資損益
2008,1,3090,日電貿,勤業眾信聯合會計師事務所,吳恩銘,謝建新,97/04/14,保留式核閱報告--依被投資公司未經會計師查核報告認列投資損益
2008,1,3094,聯傑國際,資誠會計師事務所,蕭金木,張明輝,97/04/24,保留式核閱報告--依被投資公司未經會計師查核報告認列投資損益
2008,1,3130,一零四,安侯建業會計師事務所,關春修會計師,黃柏淑會計師,97/04/18,保留式核閱報告--依被投資公司未經會計師查核報告認列投資損益
2008,1,3164,景岳生技,勤業眾信會計師事務所,黃李松,龔俊吉,97/04/15,標準式無保留核閱報告
2008,1,3189,景碩科技,安 永 會 計 師 事 務 所,洪茂益,張志銘,97/04/11,保留(附加其他事項說明段)--會計原則變動、依被投資公司未經會計師查核報告認列投資損益
2008,1,3209,全科,勤業眾信會計師事務所,蔡振財,柯志賢,97/04/15,保留式核閱報告--依被投資公司未經會計師查核報告認列投資損益
2008,1,3229,晟鈦,安侯建業會計師事務所,蔡松棋,呂觀文,97/04/17,保留式核閱報告--依被投資公司未經會計師查核報告認列投資損益
2008,1,3231,緯創,安 侯 建 業 會 計 師 事 務 所,張 嘉 信,林 秀 玉,97/04/15,保留式核閱報告--適用新公報、依被投資公司未經會計師查核報告認列投資損益
2008,1,3266,昇陽建設,安侯建業會計師事務所,林恒昇,于紀隆,97/04/18,標準式無保留核閱報告
2008,1,3296,勝德國際,安 永 會 計 師 事 務 所,陳 慕 賢,林 秀 湄,97/04/18,保留式核閱報告--依被投資公司未經會計師查核報告認列投資損益
2008,1,3305,昇貿科技,安侯建業會計師事務所,楊柳鋒,連淑凌,97/04/25,保留式核閱報告--依被投資公司未經會計師查核報告認列投資損益
2008,1,3308,聯德電子,勤業眾信會計師事務所,黃秀椿,郭慈容,97/04/24,保留式核閱報告--依被投資公司未經會計師查核報告認列投資損益
2008,1,3311,閎暉,勤 業 眾 信 會 計 師 事 務 所,柯志賢,陳清祥,97/04/11,保留式核閱報告--依被投資公司未經會計師查核報告認列投資損益
2008,1,3312,弘憶國際,勤業眾信會計師事務所,洪玉美,張清福,97/04/28,保留式核閱報告--依被投資公司未經會計師查核報告認列投資損益
2008,1,3315,宣昶,安 侯 建 業 會 計 師 事 務 所,于紀隆,張嘉信,97/04/23,保留式核閱報告--依被投資公司未經會計師查核報告認列投資損益
2008,1,3356,奇偶科技,資誠會計師事務所,徐永堅,蕭春鴛,97/04/21,保留(附加其他事項說明段)--會計原則變動、前期由其他會計師查核、依被投資公司未經會計師查核報告認列投資損益
2008,1,3376,新日興,勤 業 眾 信 會 計 師 事 務 所,龔雙雄,施錦川,97/04/18,保留式核閱報告--適用新公報、依被投資公司未經會計師查核報告認列投資損益
2008,1,3380,明泰科技,安侯建業會計師事務所,曾渼鈺,游萬淵,97/04/14,保留(附加其他事項說明段)--欲強調某一事項、依被投資公司未經會計師查核報告認列投資損益
2008,1,3383,新世紀,資誠會計師事務所,林姿妤,王國華,97/04/21,修正式無保留核閱報告--會計原則變動
2008,1,3406,玉晶光,安永會計師事務所,嚴文筆,?清淵,97/04/21,保留式核閱報告--依被投資公司未經會計師查核報告認列投資損益
2008,1,3416,融程電訊,勤業眾信會計師事務所,楊明哲,張日炎,97/04/22,修正式無保留核閱報告--會計原則變動
2008,1,3419,譁裕實業,勤業眾信會計師事務所,林政治,黃樹傑,97/04/14,保留式核閱報告--依被投資公司未經會計師查核報告認列投資損益
2008,1,3443,創意電子,勤業眾信會計師事務所,黃鴻文,張銘政,97/04/09,修正式無保留核閱報告--會計原則變動
2008,1,3450,聯鈞,勤 業 眾 信 會 計 師 事 務 所,張耿禧,涂三遷,97/04/14,修正式無保留核閱報告--欲強調某一事項
2008,1,3454,晶睿,安 侯 建 業 會 計 師 事 務 所,張惠貞,唐慈杰,97/04/22,保留式核閱報告--適用新公報、依被投資公司未經會計師查核報告認列投資損益
2008,1,3474,華亞科,安侯建業會計師事務所,寇惠植,曾國禓,97/04/17,標準式無保留核閱報告
2008,1,3481,群創光電,資誠會計師事務所,曾惠瑾,蕭春鴛,97/04/28,保留(附加其他事項說明段)--會計原則變動、依被投資公司未經會計師查核報告認列投資損益
2008,1,3494,誠研科技,安 永 會 計 師 事 務 所,黃素珍,佟韻玲,97/04/18,保留式核閱報告--依被投資公司未經會計師查核報告認列投資損益
2008,1,3501,維熹科技,資 誠 會 計 師 事 務 所,李燕娜,張明輝,97/04/25,保留式核閱報告--依被投資公司未經會計師查核報告認列投資損益
2008,1,3504,揚明光學,安 永 會 計 師 事 務 所,黃益輝,楊建國,97/04/11,保留式核閱報告--依被投資公司未經會計師查核報告認列投資損益
2008,1,3514,昱晶能源,勤業眾信會計師事務所,黃海悅,林谷同,97/04/18,修正式無保留核閱報告--會計原則變動
2008,1,3515,華擎,安永會計師事務所,李明昱,楊智惠,97/04/11,保留式核閱報告--依被投資公司未經會計師查核報告認列投資損益
2008,1,3518,柏騰科技,勤 業 眾 信  會 計 師 事 務 所,陳慧銘,李麗凰,97/04/18,標準式無保留核閱報告
2008,1,3519,綠能,安 永 會 計 師 事 務 所,張庭銘,林秀湄,97/04/22,修正式無保留核閱報告--會計原則變動
2008,1,3532,台勝科,勤 業 眾 信 會 計 師 事 務 所,劉水恩,翁榮隨,97/04/21,修正式無保留核閱報告--欲強調某一事項
2008,1,3533,嘉澤端子,安侯建業會計師事務所,鍾丹丹,丁玉山,97/04/21,修正式無保留核閱報告--會計原則變動
2008,1,3535,晶彩科,安侯建業聯合會計師事務所,張字信,梅元貞,97/04/21,保留式核閱報告--依被投資公司未經會計師查核報告認列投資損益
2008,1,3536,誠創科技,安永會計師事務所,張庭銘,陳慕賢,97/04/24,保留式核閱報告--依被投資公司未經會計師查核報告認列投資損益
2008,1,3545,敦泰,勤業眾信會計師事務所,林鴻鵬,黃樹傑,97/04/10,修正式無保留核閱報告--會計原則變動
2008,1,3557,嘉威光電,安侯建業會計師事務所,陳國宗,楊博任,97/04/17,標準式無保留核閱報告
2008,1,3559,全智科,勤 業 眾 信 會 計 師 事 務 所,方蘇立,黃鴻文,97/04/11,修正式無保留核閱報告--會計原則變動
2008,1,3701,大眾投控,勤 業 眾 信 會 計 師 事 務 所,徐文亞,楊民賢,97/04/28,保留式核閱報告--依被投資公司未經會計師查核報告認列投資損益
2008,1,3702,大聯大,資誠會計師事務所,陳永清,葉冠妏,97/04/30,保留式核閱報告--依被投資公司未經會計師查核報告認列投資損益
2008,1,4104,佳醫,勤 業 眾 信 會 計 師 事 務 所,許庭禎,郭文吉,97/04/21,保留式核閱報告--依被投資公司未經會計師查核報告認列投資損益
2008,1,4106,雃博,勤業眾信會計師事務所,徐文亞,林秀戀,97/04/18,保留式核閱報告--依被投資公司未經會計師查核報告認列投資損益
2008,1,4108,懷特,廣信益群會計師事務所,陳永琳,郭錦蓉,98/03/15,保留式核閱報告--依被投資公司未經會計師查核報告認列投資損益
2008,1,4119,旭富製藥,立本台灣聯合會計師事務所,許坤錫,柯國全,97/04/16,修正式無保留核閱報告--會計原則變動
2008,1,4306,炎洲,資誠會計師事務所,林鈞堯,周育正,97/04/23,保留式核閱報告--依被投資公司未經會計師查核報告認列投資損益
2008,1,4414,如興,鼎信聯合會計師事務所,王昌勝,吳孟達,97/04/28,保留式核閱報告--依被投資公司未經會計師查核報告認列投資損益
2008,1,4426,利勤實業,安 侯 建 業 會 計 師 事 務 所,于紀隆,張字信,97/04/17,修正式無保留核閱報告--欲強調某一事項
2008,1,4526,東台,冠恆 聯 合 會 計 師 事 務 所,張進德,萬益東,97/04/18,保留式核閱報告--依被投資公司未經會計師查核報告認列投資損益
2008,1,4532,瑞智精密,勤 業 眾 信 會 計 師 事 務 所,張清福,柯志賢,97/04/16,保留式核閱報告--依被投資公司未經會計師查核報告認列投資損益
2008,1,4720,德淵企業,安永會計師事務所,佟韻玲,楊智惠,97/04/18,保留式核閱報告--依被投資公司未經會計師查核報告認列投資損益
2008,1,4722,國精化學,勤業眾信會計師事務所,江佳玲,龔俊吉,97/04/18,標準式無保留核閱報告
2008,1,4725,信昌化,勤業眾信會計師事務所,邵志明,郭政弘,97/04/15,修正式無保留核閱報告--會計原則變動
2008,1,4904,遠傳,勤業眾信會計師事務所,林安惠,施景彬,97/04/16,保留式核閱報告--依被投資公司未經會計師查核報告認列投資損益
2008,1,4906,正文,勤 業 眾 信 會 計 師 事 務 所,楊清鎮,翁榮隨,97/04/22,保留式核閱報告--依被投資公司未經會計師查核報告認列投資損益
2008,1,5007,三星科技,安永會計師事務所,侯榮顯,黃崇輝,97/04/21,保留式核閱報告--依被投資公司未經會計師查核報告認列投資損益
2008,1,5203,訊連,資誠會計師事務所,王照明,林鈞堯,97/04/28,保留式核閱報告--適用新公報、依被投資公司未經會計師查核報告認列投資損益
2008,1,5305,敦南科技,勤業眾信會計師事務所,蔡振財,陳清祥,97/04/18,保留式核閱報告--依被投資公司未經會計師查核報告認列投資損益
2008,1,5388,中磊電子,安 永 會 計 師 事 務 所,"蔡勝文 (YYY代表會計�/td>王金來 (YYY代表會計�/td>97/04/17
保留式核閱報告--依被投資公司未經會計師查核報告認列投資損益","王金來 (YYY代表會計�/td>97/04/17
保留式核閱報告--依被投資公司未經會計師查核報告認列投資損益",97/04/17,保留式核閱報告--依被投資公司未經會計師查核報告認列投資損益
2008,1,5434,崇越科技,安侯建業會計師事務所,區耀軍,羅瑞蘭,97/04/23,保留式核閱報告--依被投資公司未經會計師查核報告認列投資損益
2008,1,5469,瀚宇博德,勤業眾信會計師事務所,盧啟昌,邱明玉,97/04/11,修正式無保留核閱報告--會計原則變動
2008,1,5471,松翰科技,勤業眾信會計師事務所,張敬人,李東峰,97/04/22,保留(附加其他事項說明段)--會計原則變動、依被投資公司未經會計師查核報告認列投資損益
2008,1,5484,慧友電子,勤 業 眾 信 會 計 師 事 務 所,余鴻賓,洪國田,97/04/14,保留式核閱報告--依被投資公司未經會計師查核報告認列投資損益
2008,1,5515,建國工程,資誠會計師事務所,吳漢期,王照明,97/04/28,保留式核閱報告--依被投資公司未經會計師查核報告認列投資損益
2008,1,5519,隆大營建,安永會計師事務所,侯榮顯,黃崇輝,97/04/18,保留式核閱報告--依被投資公司未經會計師查核報告認列投資損益
2008,1,5521,工信,資誠會計師事務所,周筱姿,蕭金木,97/04/29,保留式核閱報告--依被投資公司未經會計師查核報告認列投資損益
2008,1,5522,遠雄建設,資誠會計師事務所,高文宏,林鈞堯,97/04/29,修正式無保留核閱報告--會計原則變動
2008,1,5525,順天建設,建智聯合會計師事務所,黃祥穎,廖年傑,97/04/15,保留式核閱報告--依被投資公司未經會計師查核報告認列投資損益
2008,1,5531,鄉林建設,敬業會計師事務所,王日春,黃智敏,97/04/22,保留式核閱報告--依被投資公司未經會計師查核報告認列投資損益
2008,1,5533,皇鼎建設,勤 業 眾 信 會 計 師 事 務 所,"陳慧銘 (YYY代表會計�/td>王錦燕 (YYY代表會計�/td>97/04/14
保留式核閱報告--依被投資公司未經會計師查核報告認列投資損益","王錦燕 (YYY代表會計�/td>97/04/14
保留式核閱報告--依被投資公司未經會計師查核報告認列投資損益",97/04/14,保留式核閱報告--依被投資公司未經會計師查核報告認列投資損益
2008,1,5534,長虹,振興聯合會計師事務所,彭國豐,劉大儒,97/04/16,保留式核閱報告--依被投資公司未經會計師查核報告認列投資損益
2008,1,5607,遠雄港,資 誠 會 計 師 事 務 所,陳永清,吳漢期,97/04/29,標準式無保留核閱報告
2008,1,5608,四維航業,安侯建業會計師事務所,張淑瑩,簡蒂暖,97/04/28,保留式核閱報告--依被投資公司未經會計師查核報告認列投資損益
2008,1,5706,鳳凰旅遊,勤業眾信會計師事務所,楊清鎮會計師,翁榮隨會計師,97/04/22,保留式核閱報告--依被投資公司未經會計師查核報告認列投資損益
2008,1,6005,群益證,安侯建業會計師事務所,丁玉山,鍾丹丹,97/04/21,保留式核閱報告--適用新公報、依被投資公司未經會計師查核報告認列投資損益
2008,1,6108,競國實業,安 侯 建 業 會 計 師 事 務 所,關春修,呂莉莉,97/04/25,修正式無保留核閱報告--會計原則變動
2008,1,6112,聚碩,安 侯 建 業 會 計 師 事 務 所,陳振乾,鍾丹丹,97/04/21,保留式核閱報告--依被投資公司未經會計師查核報告認列投資損益
2008,1,6115,鎰勝,安永會計師事務所,蕭翠慧,鄧泗堂,97/04/23,保留式核閱報告--依被投資公司未經會計師查核報告認列投資損益
2008,1,6116,彩晶,勤業眾信會計師事務所,郭文吉,何瑞軒,97/04/25,保留式核閱報告--依被投資公司未經會計師查核報告認列投資損益
2008,1,6117,迎廣科技,安 永 會 計 師 事 務 所,蕭翠慧,鄧泗堂,97/04/12,保留式核閱報告--依被投資公司未經會計師查核報告認列投資損益
2008,1,6120,達運,安 侯 建 業 會 計 師 事 務 所,陳君滿,張字信,97/04/22,保留式核閱報告--依被投資公司未經會計師查核報告認列投資損益
2008,1,6128,上福全球,安 永 會 計 師 事 務 所,鄒炎崇,涂清淵,97/04/21,保留式核閱報告--依被投資公司未經會計師查核報告認列投資損益
2008,1,6131,悠克國際,安侯建業會計師事務所,江忠儀(YYY代表會計師,楊柳鋒(YYY代表會計師,97/04/22,保留式核閱報告--依被投資公司未經會計師查核報告認列投資損益
2008,1,6133,金橋科技,安 侯 建 業 會 計 師 事 務 所,高渭川,周寶蓮,97/04/25,保留式核閱報告--依被投資公司未經會計師查核報告認列投資損益
2008,1,6136,富爾特,立本台灣聯 合 會 計 師 事 務 所,劉克宜,許坤錫,97/04/17,保留式核閱報告--依被投資公司未經會計師查核報告認列投資損益
2008,1,6139,亞翔工程,資 信 聯 合 會 計 師 事 務 所,"陳榮華 (YYY代表會計�/td>胡松明(YYY代表會計師97/04/25
保留式核閱報告--依被投資公司未經會計師查核報告認列投資損益",胡松明(YYY代表會計師,97/04/25,保留式核閱報告--依被投資公司未經會計師查核報告認列投資損益
2008,1,6141,柏承科技,資 誠 會 計 師 事 務 所,陳美姿,林瑟凱,97/04/28,保留式核閱報告--依被投資公司未經會計師查核報告認列投資損益
2008,1,6142,友勁科技,安 侯 建 業 會 計 師 事 務 所,區 耀 軍,顏 幸 福,97/04/17,保留式核閱報告--依被投資公司未經會計師查核報告認列投資損益
2008,1,6145,勁永國際,安侯建業會計師事務所,陳嘉修,張淑瑩,97/04/28,保留式核閱報告--依被投資公司未經會計師查核報告認列投資損益
2008,1,6152,百一電子,安 永 會 計 師 事 務 所,洪茂益,張志銘,97/04/14,保留(附加其他事項說明段)--會計原則變動、依被投資公司未經會計師查核報告認列投資損益
2008,1,6153,嘉聯益,致 遠 會 計 師 事 務 所,鄧 泗 堂,蕭 翠 慧,97/04/25,保留式核閱報告--依被投資公司未經會計師查核報告認列投資損益
2008,1,6155,鈞寶,安 永 會 計 師 事 務 所,洪茂益,張志銘,97/04/16,保留(附加其他事項說明段)--會計原則變動、依被投資公司未經會計師查核報告認列投資損益
2008,1,6164,華興電子,安永會計師事務所,佟韻玲,張庭銘,97/04/19,保留式核閱報告--依被投資公司未經會計師查核報告認列投資損益
2008,1,6165,捷泰精密,資誠會計師事務所,王嘉瑜,蕭金木,97/04/29,保留式核閱報告--依被投資公司未經會計師查核報告認列投資損益
2008,1,6166,凌華科技,勤業眾信會計師事務所,郭文吉,許庭禎,97/04/18,保留式核閱報告--依被投資公司未經會計師查核報告認列投資損益
2008,1,6168,宏齊科技,安永會 計 師 事 務 所,葉惠心,楊建國,97/04/25,保留式核閱報告--依被投資公司未經會計師查核報告認列投資損益
2008,1,6172,互億科技,安 侯 建 業 會 計 師 事 務 所,魏興海會計師,梅元貞會計師,97/04/25,保留式核閱報告--依被投資公司未經會計師查核報告認列投資損益
2008,1,6176,瑞儀光電,安侯建業會計師事務所,王明志,楊博任,97/04/15,保留式核閱報告--依被投資公司未經會計師查核報告認列投資損益
2008,1,6177,達麗,立本台灣聯合會計師事務所,許坤錫,劉克宜,97/04/21,標準式無保留核閱報告
2008,1,6183,關貿,資誠會計師事務所,王照明,吳漢期,97/04/25,修正式無保留核閱報告--欲強調某一事項
2008,1,6184,大豐電,資 誠 會 計 師 事 務 所,林鈞堯,杜佩玲,97/04/21,標準式無保留核閱報告
2008,1,6189,豐藝電子,勤業眾信會計師事務所,陳慧銘,李麗凰,97/04/16,保留式核閱報告--依被投資公司未經會計師查核報告認列投資損益
2008,1,6191,精成科技,勤業眾信會計師事務所,余鴻賓,吳恪昌,97/04/16,保留式核閱報告--依被投資公司未經會計師查核報告認列投資損益
2008,1,6192,巨路國際,勤 業 眾 信 會 計 師 事 務 所,林文欽,李耀欽,97/04/17,保留式核閱報告--依被投資公司未經會計師查核報告認列投資損益
2008,1,6196,帆宣科技,資誠會計師事務所,李燕松,吳漢期,97/04/25,保留式核閱報告--適用新公報、依被投資公司未經會計師查核報告認列投資損益
2008,1,6197,佳必琪,資誠會計師事務所,陳永清,徐永堅,97/04/28,保留式核閱報告--適用新公報、依被投資公司未經會計師查核報告認列投資損益
2008,1,6201,亞弘電,安 永 會 計 師 事 務 所,黃崇輝,黃世杰,97/04/15,保留(附加其他事項說明段)--欲強調某一事項、依被投資公司未經會計師查核報告認列投資損益
2008,1,6202,盛群,安侯建業會計師事務所,魏忠華,游萬淵,97/04/11,保留式核閱報告--依被投資公司未經會計師查核報告認列投資損益
2008,1,6205,詮欣,資誠會計師事務所,李燕娜,曾國華,97/04/24,保留式核閱報告--依被投資公司未經會計師查核報告認列投資損益
2008,1,6206,飛捷,安侯建業會計師事務所,張惠貞,陳玫燕,97/04/21,修正式無保留核閱報告--會計原則變動
2008,1,6209,今國光學,勤業眾信會計師事務所,呂惠民,吳麗冬,97/04/16,保留式核閱報告--依被投資公司未經會計師查核報告認列投資損益
2008,1,6213,聯茂,勤業眾信會計師事務所,吳怡君,吳美慧,97/04/16,保留(附加其他事項說明段)--會計原則變動、依被投資公司未經會計師查核報告認列投資損益
2008,1,6214,精誠資訊,勤 業 眾 信 會 計 師 事 務 所,酈蘋,林淑婉,97/04/28,保留式核閱報告--依被投資公司未經會計師查核報告認列投資損益
2008,1,6215,和椿科技,資誠會計師事務所,林鈞堯,吳郁隆,97/04/22,保留式核閱報告--依被投資公司未經會計師查核報告認列投資損益
2008,1,6216,居易,勤業眾信會計師事務所,黃裕峰,黃鴻文,97/04/18,保留(附加其他事項說明段)--欲強調某一事項、依被投資公司未經會計師查核報告認列投資損益
2008,1,6224,聚鼎,資誠會計師事務所,曾國華,王偉臣,97/04/25,保留式核閱報告--依被投資公司未經會計師查核報告認列投資損益
2008,1,6225,天瀚,資誠會計師事務所,劉銀妃,曾國華,97/04/29,保留式核閱報告--依被投資公司未經會計師查核報告認列投資損益
2008,1,6226,光鼎電子,安 侯 建 業 會 計 師 事 務 所,梅元貞,周寶蓮,97/04/24,標準式無保留核閱報告
2008,1,6230,超眾,安 侯 建 業 會 計 師 事 務 所,寇 惠 植,李 慈 慧,97/04/21,保留式核閱報告--依被投資公司未經會計師查核報告認列投資損益
2008,1,6235,華孚科技,勤業眾信會計師事務所,郭文吉,許庭禎,97/04/23,保留式核閱報告--依被投資公司未經會計師查核報告認列投資損益
2008,1,6239,力成,勤 業 眾 信 會 計 師 事 務 所,林政治,黃樹傑,97/04/15,修正式無保留核閱報告--會計原則變動
2008,1,6243,迅杰,安 侯 建 業 會 計 師 事 務 所,游萬淵,周寶蓮,97/04/18,保留式核閱報告--依被投資公司未經會計師查核報告認列投資損益
2008,1,6257,矽格,資誠會計師事務所,曾國華,王偉臣,97/04/29,保留式核閱報告--依被投資公司未經會計師查核報告認列投資損益
2008,1,6269,台郡科技,資誠會計師事務所,王國華,廖阿甚,97/04/26,保留式核閱報告--依被投資公司未經會計師查核報告認列投資損益
2008,1,6271,同欣電子,安 侯 建 業 會 計 師 事 務 所,顏 幸 福,羅 瑞 蘭,97/04/21,保留式核閱報告--依被投資公司未經會計師查核報告認列投資損益
2008,1,6277,宏正科,安 侯 建 業 會 計 師 事 務 所,黃 柏 淑,王 明 志,97/04/17,保留式核閱報告--依被投資公司未經會計師查核報告認列投資損益、其他
2008,1,6278,台表科,資誠會計師事務所,陳美姿,蕭金木,97/04/25,保留式核閱報告--依被投資公司未經會計師查核報告認列投資損益
2008,1,6281,全國電,安侯建業會計師事務所,張惠貞,唐慈杰,97/04/22,修正式無保留核閱報告--會計原則變動
2008,1,6282,康舒,安侯建業會計師事務所,顏幸福,羅瑞蘭,97/04/16,保留式核閱報告--依被投資公司未經會計師查核報告認列投資損益
2008,1,6283,淳安電子,勤業眾信會計師事務所,戴信維,林文欽,97/04/18,保留式核閱報告--依被投資公司未經會計師查核報告認列投資損益
2008,1,6285,啟碁科技,安 侯 建 業 會 計 師 事 務 所,曾渼鈺,張嘉信,97/04/11,保留式核閱報告--依被投資公司未經會計師查核報告認列投資損益
2008,1,6289,華上光電,安 侯 建 業 會 計 師 事 務 所,吳美萍,陳振乾,97/04/25,保留式核閱報告--依被投資公司未經會計師查核報告認列投資損益
2008,1,6505,台塑石化,安永會計師事務所,吳麗玉,鄧泗堂,97/04/17,保留(附加其他事項說明段)--欲強調某一事項、依被投資公司未經會計師查核報告認列投資損益
2008,1,6605,帝寶工業,勤業眾信會計師事務所,吳麗冬,曾棟鋆,97/04/22,保留式核閱報告--依被投資公司未經會計師查核報告認列投資損益
2008,1,8016,矽創電子,資誠會計師事務所,曾國華,劉銀妃,97/04/22,保留(附加其他事項說明段)--欲強調某一事項、依被投資公司未經會計師查核報告認列投資損益
2008,1,8021,尖點,勤 業 眾 信 會 計 師 事 務 所,謝建新,吳恩銘,97/04/16,保留(附加其他事項說明段)--會計原則變動、依被投資公司未經會計師查核報告認列投資損益
2008,1,8033,雷虎科技,資誠會計師事務所,洪淑華,張志安,97/04/25,保留式核閱報告--依被投資公司未經會計師查核報告認列投資損益
2008,1,8039,台虹科技,安永會計師事務所,黃崇輝,侯榮顯,97/04/17,保留式核閱報告--依被投資公司未經會計師查核報告認列投資損益
2008,1,8046,南電,安侯建業會計師事務所,李慈慧,寇惠植,97/04/21,保留(附加其他事項說明段)--採用其他會計師查核且欲區分責任、依被投資公司未經會計師查核報告認列投資損益
2008,1,8070,長華電材,勤 業 眾 信 會 計 師 事 務 所,郭麗園,曾光敏,97/04/22,保留式核閱報告--依被投資公司未經會計師查核報告認列投資損益
2008,1,8072,陞泰,勤 業 眾 信  會 計 師 事 務 所,楊清鎮,蔡宏祥,97/04/11,修正式無保留核閱報告--欲強調某一事項
2008,1,8081,致新,勤業眾信會計師事務所,陳明煇,林鴻鵬,97/04/24,修正式無保留核閱報告--會計原則變動
2008,1,8101,華冠通訊,安 侯 建 業 會 計 師 事 務 所,吳美萍,陳振乾,97/04/22,保留式核閱報告--依被投資公司未經會計師查核報告認列投資損益
2008,1,8103,瀚荃,安 侯 建 業 會 計 師 事 務 所,張嘉信,林恒昇,97/04/18,保留式核閱報告--依被投資公司未經會計師查核報告認列投資損益
2008,1,8105,凌巨,勤業眾信會計師事務所,林鴻鵬,黃樹傑,97/04/14,保留(附加其他事項說明段)--會計原則變動、依被投資公司未經會計師查核報告認列投資損益
2008,1,8110,華東,勤 業 眾 信 會 計 師 事 務 所,郭麗園,曾光敏,97/04/22,標準式無保留核閱報告
2008,1,8112,至上電子,安 侯 建 業 會 計 師 事 務 所,陳 振 乾,吳 美 萍,96/04/18,保留式核閱報告--依被投資公司未經會計師查核報告認列投資損益
2008,1,8114,振樺電子,勤 業 眾 信 會 計 師 事 務 所,卓明信,吳恩銘,97/04/22,保留式核閱報告--依被投資公司未經會計師查核報告認列投資損益
2008,1,8131,福懋科技,安 永 會 計 師 事 務 所,吳 麗 玉,林 麗 凰,97/04/20,標準式無保留核閱報告
2008,1,8163,達方電子,安 侯 建 業 會 計 師 事 務 所,唐慈杰,張惠貞,97/04/17,保留式核閱報告--適用新公報、依被投資公司未經會計師查核報告認列投資損益
2008,1,8201,無敵,安 侯 建 業 會 計 師 事 務 所,林琬琬,連淑凌,97/04/18,保留式核閱報告--依被投資公司未經會計師查核報告認列投資損益
2008,1,8210,勤誠興業,資誠會計師事務所,葉冠妏,支秉鈞,97/04/29,保留式核閱報告--適用新公報、依被投資公司未經會計師查核報告認列投資損益
2008,1,8215,明基材料,安 侯 建 業 會 計 師 事 務 所,唐慈杰,陳雅琳,97/04/23,保留式核閱報告--依被投資公司未經會計師查核報告認列投資損益
2008,1,8249,菱光科技,資誠會計師事務所,杜佩玲,吳漢期,97/04/25,標準式無保留核閱報告
2008,1,8261,富鼎,勤業眾信會計師事務所,林文欽,李耀欽,97/04/23,修正式無保留核閱報告--會計原則變動
2008,1,8374,羅昇,安侯建業會計師事務所,唐慈杰,林恒昇,97/04/25,修正式無保留核閱報告--會計原則變動
2008,1,8926,台汽電,勤 業 眾 信 會 計 師 事 務 所,許庭禎,何瑞軒,97/04/23,保留(附加其他事項說明段)--欲強調某一事項、依被投資公司未經會計師查核報告認列投資損益
2008,1,8940,新天地,勤 業 眾 信  會 計 師 事 務 所,吳麗冬,曾棟鋆,97/04/23,修正式無保留核閱報告--欲強調某一事項
2008,1,8996,高力,勤 業 眾 信 會 計 師 事 務 所,龔雙雄,施錦川,97/04/21,保留式核閱報告--依被投資公司未經會計師查核報告認列投資損益
2008,1,9902,台火,大中國際聯合會計師事務所,林寬照,溫明郁,97/04/25,保留(附加其他事項說明段)--欲強調某一事項、依被投資公司未經會計師查核報告認列投資損益
2008,1,9904,寶成工業,勤業眾信會計師事務所,盧啟昌,吳恪昌,97/04/18,保留式核閱報告--依被投資公司未經會計師查核報告認列投資損益
2008,1,9905,大華金,勤業眾信會計師事務所,蔡振財,陳清祥,97/04/10,保留式核閱報告--依被投資公司未經會計師查核報告認列投資損益
2008,1,9906,欣巴巴,資 誠 會 計 師 事 務 所,馮 敏 娟,周 育 正,97/04/29,保留(附加其他事項說明段)--繼續經營假設有疑慮、依被投資公司未經會計師查核報告認列投資損益
2008,1,9907,統一實業,安侯建業會計師事務所,張嘉信,陳惠媛,97/04/18,保留式核閱報告--依被投資公司未經會計師查核報告認列投資損益
2008,1,9908,大台北,勤 業 眾 信 會 計 師 事 務 所,林義峰,游素環,97/04/23,標準式無保留核閱報告
2008,1,9910,豐泰企業,安侯建業會計師事務所,陳盈如,林琬琬,97/04/21,保留式核閱報告--依被投資公司未經會計師查核報告認列投資損益
2008,1,9911,台灣櫻花,安永會計師事務所,涂清淵,嚴文筆,97/04/25,保留式核閱報告--依被投資公司未經會計師查核報告認列投資損益
2008,1,9912,偉聯,安侯建業會計師事務所,魏忠華,區耀軍,97/04/24,保留式核閱報告--依被投資公司未經會計師查核報告認列投資損益
2008,1,9914,美利達,勤 業 眾 信 會 計 師 事 務 所,曾棟鋆,蔣淑菁,97/04/25,保留式核閱報告--依被投資公司未經會計師查核報告認列投資損益
2008,1,9917,中保,安永會計師事務所,王彥鈞,王金來,97/04/18,保留式核閱報告--依被投資公司未經會計師查核報告認列投資損益
2008,1,9918,欣天然,立本台灣聯合會計師事務所,柯 俊 輝,陶 鴻 文,96/04/16,保留(附加其他事項說明段)--會計原則變動、依被投資公司未經會計師查核報告認列投資損益
2008,1,9919,康那香,資 誠 會 計 師 事 務 所,葉冠妏,潘慧玲,97/04/28,保留式核閱報告--適用新公報、依被投資公司未經會計師查核報告認列投資損益
2008,1,9921,巨大機械,勤業會計師事務所,羅瑞霖,吳麗冬,97/04/23,保留式核閱報告--依被投資公司未經會計師查核報告認列投資損益
2008,1,9924,台灣福興,資誠會計師事務所,王國華,劉子猛,97/04/29,保留式核閱報告--依被投資公司未經會計師查核報告認列投資損益
2008,1,9925,新光保全,勤業眾信會計師事務所,陳慧銘,林宜慧,97/04/24,標準式無保留核閱報告
2008,1,9926,新海瓦斯,勤業眾信會計師事務所,陳慧銘,游素環,97/04/20,標準式無保留核閱報告
2008,1,9927,泰銘,勤業眾信會計師事務所,郭麗園,曾光敏,97/04/17,保留式核閱報告--依被投資公司未經會計師查核報告認列投資損益
2008,1,9928,中視,大 中 國 際 聯 合 會 計 師 事 務 所,林月霞,李聰明,97/04/23,保留式核閱報告--依被投資公司未經會計師查核報告認列投資損益
2008,1,9929,秋雨,弘基聯合會計師事務所,莊俊華,張仕奇,97/04/28,保留式核閱報告--依被投資公司未經會計師查核報告認列投資損益
2008,1,9930,中聯資源,勤業眾信會計師事務所,邱慧吟,江佳玲,97/04/10,保留(附加其他事項說明段)--會計原則變動、依被投資公司未經會計師查核報告認列投資損益
2008,1,9931,欣高,正風聯合會計師事務所,賴永吉,周銀來,97/04/23,保留式核閱報告--依被投資公司未經會計師查核報告認列投資損益
2008,1,9933,中鼎工程,資誠會計師事務所,吳郁隆,翁世榮,97/04/28,保留式核閱報告--依被投資公司未經會計師查核報告認列投資損益
2008,1,9934,成霖企業,安永會計師事務所,林鴻光,(二余)清淵,97/04/16,保留式核閱報告--依被投資公司未經會計師查核報告認列投資損益
2008,1,9935,慶豐富,正風聯合會計師事務所,鄭憲修,丁鴻勛,97/04/18,保留式核閱報告--依被投資公司未經會計師查核報告認列投資損益
2008,1,9937,全國,勤業眾信會計師事務所,吳麗冬,徐文亞,97/04/21,修正式無保留核閱報告--會計原則變動
2008,1,9938,台灣百和,勤 業 眾 信 會 計 師 事 務 所,羅瑞霖,蔣淑菁,97/04/24,保留式核閱報告--依被投資公司未經會計師查核報告認列投資損益
2008,1,9939,宏全,勤業眾信會計師事務所,曾棟鋆,成德潤,97/04/21,保留式核閱報告--依被投資公司未經會計師查核報告認列投資損益
2008,1,9940,信義房屋,勤業眾信會計師事務所,王自軍,龔雙雄,97/04/17,保留式核閱報告--依被投資公司未經會計師查核報告認列投資損益
2008,1,9941,裕融企業,勤業眾信會計師事務所,范有偉,陳忠勤,97/04/18,保留式核閱報告--依被投資公司未經會計師查核報告認列投資損益
2008,1,9942,茂順,資誠會計師事務所,洪淑華,張志安,97/04/25,保留式核閱報告--依被投資公司未經會計師查核報告認列投資損益
2008,1,9943,好樂迪,勤業眾信會計師事務所,張敬人,李東峰,97/04/18,保留式核閱報告--依被投資公司未經會計師查核報告認列投資損益
2008,1,9944,新麗企業,鼎 信 聯 合 會 計 師 事 務 所,張亞荃,林金鳳,97/04/18,保留式核閱報告--依被投資公司未經會計師查核報告認列投資損益
2008,1,9945,潤泰創新,資誠會計師事務所,翁世榮,杜佩玲,97/04/28,保留(附加其他事項說明段)--欲強調某一事項、依被投資公司未經會計師查核報告認列投資損益
2008,1,9946,三發地產,資誠會計師事務所,陳永清,葉冠妏,97/04/25,保留式核閱報告--依被投資公司未經會計師查核報告認列投資損益
2008,1,9955,佳龍,安永會計師事務所,洪茂益,張志銘,97/04/23,保留(附加其他事項說明段)--會計原則變動、依被投資公司未經會計師查核報告認列投資損益
2008,1,9958,世紀鋼構,勤業眾信會計師事務所,方蘇立,黃裕峰,97/04/17,標準式無保留核閱報告
