,Unnamed: 0,公司代號,公司簡稱,簽證會計師事務所名稱,簽證會計師,簽證會計師.1,核閱或查核日期,核閱或查核報告類型
0,0,1101,台泥,勤業眾信聯合會計師事務所,邵志明,郭政弘,2010/04/22,"??????????????""保留式核閱報告--依被投資公司未經會計師查核報告認列投資損益"""
1,1,1102,亞泥,勤業眾信聯合會計師事務所,戴信維,范有偉,2010/04/23,"??????????????""保留式核閱報告--依被投資公司未經會計師查核報告認列投資損益"""
2,2,1103,嘉泥,勤業眾信聯合會計師事務所,方小萍,仲  偉,2010/04/29,"??????????????""保留式核閱報告--依被投資公司未經會計師查核報告認列投資損益"""
3,3,1104,環球水泥,資誠聯合會計師事務所,蕭金木,周筱姿,2010/04/30,"??????????????""保留式核閱報告--依被投資公司未經會計師查核報告認列投資損益、其他"""
4,4,1108,幸福水泥,勤業眾信聯合會計師事務所,謝建新,陳招美,2010/04/23,"??????????????""保留式核閱報告--依被投資公司未經會計師查核報告認列投資損益"""
5,5,1109,信大水泥,資誠聯合會計師事務所,李秀玲,馮敏娟,2010/04/28,"??????????????""保留式核閱報告--依被投資公司未經會計師查核報告認列投資損益"""
6,6,1110,東泥,建興聯合會計師事務所,黃鈴雯,劉奕宏,2010/04/23,"??????????????""保留式核閱報告--依被投資公司未經會計師查核報告認列投資損益"""
7,7,1201,味全公司,資誠聯合會計師事務所,吳郁隆,王照明,2010/04/29,"??(?????????)??(?????????)""保留(附加其他事項說明段)--欲強調某一事項、依被投資公司未經會計師查核報告認列投資損益"""
8,8,1203,味王公司,大中國際聯合會計師事務所,李聰明,溫明郁,2010/04/28,"??????????????""保留式核閱報告--依被投資公司未經會計師查核報告認列投資損益"""
9,9,1210,大成長城,安侯建業會計師事務所,陳富煒,鍾丹丹,2010/04/23,"??????????????""保留式核閱報告--依被投資公司未經會計師查核報告認列投資損益"""
10,10,1213,大飲,資誠聯合會計師事務所,蕭金木,吳漢期,2010/04/27,"??????????????""保留式核閱報告--依被投資公司未經會計師查核報告認列投資損益"""
11,11,1215,卜蜂企業,資誠聯合會計師事務所,王輝賢,翁世榮,2010/04/25,"????????????????????""標準式無保留核閱報告 """
12,12,1216,統一,資誠聯合會計師事務所,劉子猛,林姿妤,2010/04/26,"??(?????????)??(?????????)""保留(附加其他事項說明段)--採用其他會計師查核且欲區分責任、依被投資公司未經會計師查核報告認列投資損益"""
13,13,1217,愛之味,建興聯合會計師事務所,劉奕宏,蔡淑滿,2010/04/24,"??????????????""保留式核閱報告--依被投資公司未經會計師查核報告認列投資損益"""
14,14,1218,泰山企業,安侯建業聯合會計師事務所,陳嘉修,張淑瑩,2010/04/21,"??????????????""保留式核閱報告--依被投資公司未經會計師查核報告認列投資損益"""
15,15,1219,福壽實業,群智聯合會計師事務所,黃奕睿,陳郁惠,2010/04/22,"??????????????""保留式核閱報告--依被投資公司未經會計師查核報告認列投資損益"""
16,16,1220,台榮,立本台灣聯 合 會 計 師 事 務 所,陳玉芳,柯俊榮,2010/04/20,"??????????????""保留式核閱報告--依被投資公司未經會計師查核報告認列投資損益"""
17,17,1225,福懋油,勤業眾信聯合會計師事務所,謝建新,陳招美,2010/04/21,"??????????????""保留式核閱報告--依被投資公司未經會計師查核報告認列投資損益"""
18,18,1227,佳格,勤業眾信聯合會計師事務所,郭文吉,廖如陽,2010/04/14,"??????????????""保留式核閱報告--依被投資公司未經會計師查核報告認列投資損益"""
19,19,1229,聯華實業,安侯建業會計師事務所,楊柳鋒,連淑凌,2010/04/19,"??????????????""保留式核閱報告--依被投資公司未經會計師查核報告認列投資損益"""
20,20,1231,聯華食品,勤業眾信聯合會計師事務所,張清福,蔡振財,2010/04/19,"??????????????""保留式核閱報告--依被投資公司未經會計師查核報告認列投資損益"""
21,21,1232,大統益,資誠聯合會計師事務所,劉子猛,林姿妤,2010/04/23,"??????????????""保留式核閱報告--依被投資公司未經會計師查核報告認列投資損益"""
22,22,1233,天仁,安永聯合會計師事務所,蕭翠慧,徐榮煌,2010/04/19,"??????????????""保留式核閱報告--依被投資公司未經會計師查核報告認列投資損益"""
23,23,1234,黑松,勤 業 眾 信 聯 合 會 計 師 事 務 所,陳慧銘,林宜慧,2010/04/16,"??????????????""保留式核閱報告--依被投資公司未經會計師查核報告認列投資損益"""
24,24,1235,興泰,立一聯合會計師事務所,王世坤,楊玉貞,2010/04/20,"??????????????""保留式核閱報告--依被投資公司未經會計師查核報告認列投資損益"""
25,25,1236,宏亞食品,安永聯合會計師事務所,賴明陽,鄭戊水,2010/04/20,"??????????????""保留式核閱報告--依被投資公司未經會計師查核報告認列投資損益"""
26,26,1301,台塑,安侯建業會計師事務所,吳秋華,李慈慧,2010/04/21,"??????????????""保留式核閱報告--依被投資公司未經會計師查核報告認列投資損益"""
27,27,1303,南亞塑膠,安侯建業聯合會計師事務所,吳秋華,寇惠植,2010/04/23,"??????????????""保留式核閱報告--依被投資公司未經會計師查核報告認列投資損益"""
28,28,1304,台聚,勤業眾信聯合會計師事務所,韋亮發,黃秀椿,2010/04/26,"??????????????""保留式核閱報告--依被投資公司未經會計師查核報告認列投資損益"""
29,29,1305,華夏,勤 業 眾 信 聯 合 會 計 師 事 務 所,郭慈容,韋亮發,2010/04/20,"??????????????""保留式核閱報告--依被投資公司未經會計師查核報告認列投資損益"""
30,30,1307,三芳化工,勤業眾信聯合會計師事務所,吳秋燕,曾光敏,2010/04/22,"??????????????""保留式核閱報告--依被投資公司未經會計師查核報告認列投資損益"""
31,31,1308,亞聚,勤業眾信聯合會計師事務所,郭 慈 容,黃 秀 椿,2010/04/22,"??????????????""保留式核閱報告--依被投資公司未經會計師查核報告認列投資損益"""
32,32,1309,台達化工,勤業眾信聯合會計師事務所,黃秀椿,韋亮發,2010/04/23,"??????????????""保留式核閱報告--依被投資公司未經會計師查核報告認列投資損益"""
33,33,1310,台苯,正風聯合會計師事務所,周銀來,曾國富,2010/04/27,"??????????????""保留式核閱報告--依被投資公司未經會計師查核報告認列投資損益"""
34,34,1312,國喬石化,第一聯合會計師事務所,蕭英嘉,張福郎,2010/04/21,"??????????????""保留式核閱報告--依被投資公司未經會計師查核報告認列投資損益"""
35,35,1313,聯成,勤業眾信聯合會計師事務所,郭文吉,許庭禎,2010/04/22,"??????????????""保留式核閱報告--依被投資公司未經會計師查核報告認列投資損益"""
36,36,1314,中石化,安侯建業聯合會計師事務所,陳富煒,陳眉芳,2010/04/16,"??????????????""保留式核閱報告--依被投資公司未經會計師查核報告認列投資損益"""
37,37,1315,達新工業,第一聯合會計師事務所,張福郎,邱桂鈴,2010/04/24,"??????????????""保留式核閱報告--依被投資公司未經會計師查核報告認列投資損益"""
38,38,1316,上曜,資誠聯合會計師事務所,劉子猛,林姿妤,2010/04/27,"??????????????""保留式核閱報告--依被投資公司未經會計師查核報告認列投資損益"""
39,39,1319,東陽,安永聯合會計師事務所,黃世杰,洪茂益,2010/04/20,"??????????????""保留式核閱報告--依被投資公司未經會計師查核報告認列投資損益"""
40,40,1321,大洋,安侯建業會計師事務所,呂觀文,蔡松棋,2010/04/20,"??????????????""保留式核閱報告--依被投資公司未經會計師查核報告認列投資損益"""
41,41,1323,永裕,勤業眾信聯合會計師事務所,黃李松,李季珍,2010/04/26,"??????????????""保留式核閱報告--依被投資公司未經會計師查核報告認列投資損益"""
42,42,1324,地球工業,安永聯合會計師事務所,佟韻玲,楊智惠,2010/04/16,"??????????????""保留式核閱報告--依被投資公司未經會計師查核報告認列投資損益"""
43,43,1325,琱j,勤 業 眾 信 聯 合 會 計 師 事 務 所,張 瑞 娜,陳 照 敏,2010/04/15,"??????????????""保留式核閱報告--依被投資公司未經會計師查核報告認列投資損益"""
44,44,1326,台化,資 誠 聯 合 會 計 師 事 務 所,吳漢期,高文宏,2010/04/26,"??????????????""保留式核閱報告--依被投資公司未經會計師查核報告認列投資損益"""
45,45,1402,遠東新,勤業眾信聯合會計師事務所,施景彬,黃樹傑,2010/04/23,"??(?????????)??(?????????)""保留(附加其他事項說明段)--會計原則變動、欲強調某一事項、依被投資公司未經會計師查核報告認列投資損益"""
46,46,1409,新纖,勤業眾信聯合會計師事務所,王錦燕 (YYY代表會計?,王自軍 (YYY代表會計?,2010/04/22,"??????????????""保留式核閱報告--依被投資公司未經會計師查核報告認列投資損益"""
47,47,1410,南染,資誠聯合會計師事務所,李運鞭,吳漢期,2010/04/23,"??????????????""保留式核閱報告--依被投資公司未經會計師查核報告認列投資損益"""
48,48,1413,宏洲纖維,立本台灣聯合會計師事務所,柯俊輝,柯俊榮,2010/04/24,"??????????????""保留式核閱報告--依被投資公司未經會計師查核報告認列投資損益"""
49,49,1414,東和,安侯建業聯合會計師事務所,陳國宗,許振隆,2010/04/22,"????????????????????""標準式無保留核閱報告 """
50,50,1416,廣豐,第一聯合會計師事務所,邱繼盛,王戊昌,2010/04/26,"??????????????""保留式核閱報告--依被投資公司未經會計師查核報告認列投資損益"""
51,51,1417,嘉裕,勤業眾信聯合會計師事務所,林淑婉,郭政弘,2010/04/22,"??????????????""保留式核閱報告--依被投資公司未經會計師查核報告認列投資損益"""
52,52,1418,東華,勤業眾信聯合會計師事務所,林谷同,黃海悅,2010/04/16,"??????????????""保留式核閱報告--依被投資公司未經會計師查核報告認列投資損益"""
53,53,1419,新紡,勤業眾信聯合會計師事務所,李麗凰,陳慧銘,2010/04/23,"????????????????????""標準式無保留核閱報告 """
54,54,1423,利華羊毛,安永聯合會計師事務所,賴明陽,蕭翠慧,2010/04/16,"????????????????????""標準式無保留核閱報告 """
55,55,1432,大魯閣,資誠聯合會計師事務所,蕭金木,葉翠苗,2010/04/27,"??(?????????)??(?????????)""保留(附加其他事項說明段)--繼續經營假設有疑慮、依被投資公司未經會計師查核報告認列投資損益"""
56,56,1434,福懋興業,資誠聯合會計師事務所,吳漢期,高文宏,2010/04/26,"??????????????""保留式核閱報告--依被投資公司未經會計師查核報告認列投資損益"""
57,57,1435,中福國際,勤業眾信會計師事務所,陳照敏會計師,劉江抱會計師,2010/04/26,"????????????????????""修正式無保留核閱報告--採用其他會計師查核且欲區分責任"""
58,58,1436,華友聯,勤業眾信聯合會計師事務所,吳恩銘,陳招美,2010/04/16,"????????????????????""標準式無保留核閱報告 """
59,59,1437,勤益投控,安侯建業聯合會計師事務所,關春修,俞安恬,2010/04/19,"??????????????""保留式核閱報告--依被投資公司未經會計師查核報告認列投資損益"""
60,60,1438,裕豐,安泰聯合會計師事務所,萬文慧,陳兆宏,2010/04/20,"??(?????????)??(?????????)""保留(附加其他事項說明段)--繼續經營假設有疑慮、依被投資公司未經會計師查核報告認列投資損益"""
61,61,1439,中和羊毛,安永會計師事務所,傅文芳,黃建澤,2010/04/27,"????????????????????""標準式無保留核閱報告 """
62,62,1440,南紡,資誠聯合會計師事務所,李明憲,林姿妤,2010/04/26,"??????????????""保留式核閱報告--依被投資公司未經會計師查核報告認列投資損益、其他"""
63,63,1441,大東紡織,安 侯 建 業 聯 合 會 計 師 事 務 所,吳秋華,寇惠植,2010/04/24,"??????????????""保留式核閱報告--依被投資公司未經會計師查核報告認列投資損益"""
64,64,1442,名軒,惠眾聯合會計師事務所,盧聯生,項文婷,2010/04/22,"??????????????""保留式核閱報告--依被投資公司未經會計師查核報告認列投資損益"""
65,65,1443,立益紡織,第一聯合會計師事務所,高  佩,王戊昌,2010/04/22,"??????????????""保留式核閱報告--依被投資公司未經會計師查核報告認列投資損益"""
66,66,1444,力麗,勤業眾信聯合會計師事務所,洪國田,盧啟昌,2010/04/23,"??????????????""保留式核閱報告--依被投資公司未經會計師查核報告認列投資損益"""
67,67,1445,大宇紡織,勤業眾信聯合會計師事務所,韋亮發,王小蕙,2010/04/16,"????????????????????""標準式無保留核閱報告 """
68,68,1446,宏和,安永聯合會計師事務所,黃世杰,陳政初,2010/04/21,"??????????????""保留式核閱報告--依被投資公司未經會計師查核報告認列投資損益"""
69,69,1447,力鵬,勤業眾信聯合會計師事務所,洪國田,盧啟昌,2010/04/23,"??????????????""保留式核閱報告--依被投資公司未經會計師查核報告認列投資損益"""
70,70,1449,佳和實業,安侯建業會計師事務所,張嘉信,許振隆,2010/04/25,"??(?????????)??(?????????)""保留(附加其他事項說明段)--採用其他會計師查核且欲區分責任、依被投資公司未經會計師查核報告認列投資損益"""
71,71,1451,年興紡織,勤業眾信聯合會計師事務所,卓明信,施景彬,2010/04/20,"??????????????""保留式核閱報告--依被投資公司未經會計師查核報告認列投資損益"""
72,72,1452,宏益,立本台灣聯合會計師事務所,陳玉芳 (YYY代表會計?,柯俊榮 (YYY代表會計?,2010/04/16,"??????????????""保留式核閱報告--依被投資公司未經會計師查核報告認列投資損益"""
73,73,1453,大將,勤業眾信聯合會計師事務所,賴國旺,何瑞軒,2010/04/22,"??????????????""保留式核閱報告--依被投資公司未經會計師查核報告認列投資損益"""
74,74,1454,台富,勤業眾信會計師事務所,游素環,龔雙雄,2010/04/26,"????????????????????""標準式無保留核閱報告 """
75,75,1455,集盛,第 一 聯 合 會 計 師 事 務 所,蕭英嘉,張福郎,2010/04/19,"????????????????????""標準式無保留核閱報告 """
76,76,1456,怡華,惠 眾 聯 合 會 計 師 事 務 所,盧聯生 (YYY代表會計?,項文婷 (YYY代表會計?,2010/04/22,"??????????????""保留式核閱報告--依被投資公司未經會計師查核報告認列投資損益"""
77,77,1457,宜進,安侯建業聯合會計師事務所,曾國禓,賴麗真,2010/04/26,"??????????????""保留式核閱報告--依被投資公司未經會計師查核報告認列投資損益"""
78,78,1459,聯發紡織,勤業眾信聯合會計師事務所,黃  海  悅,林  谷  同,2010/04/20,"??(?????????)??(?????????)""保留(附加其他事項說明段)--會計原則變動、依被投資公司未經會計師查核報告認列投資損益"""
79,79,1460,宏遠,勤業眾信聯合會計師事務所,郭麗園,施景彬,2010/04/16,"??????????????""保留式核閱報告--依被投資公司未經會計師查核報告認列投資損益"""
80,80,1463,強盛染整,安侯建業聯合會計師事務所,魏忠華,陳振乾,2010/04/22,"??????????????""保留式核閱報告--依被投資公司未經會計師查核報告認列投資損益"""
81,81,1464,得力實業,勤 業 眾 信 聯 合 會 計 師 事 務 所,黃李松,龔俊吉,2010/04/21,"????????????????????""標準式無保留核閱報告 """
82,82,1465,偉全實業,立 本 台 灣 聯 合 會 計 師 事 務 所,張書成,劉克宜,2010/04/17,"??????????????""保留式核閱報告--依被投資公司未經會計師查核報告認列投資損益"""
83,83,1466,聚隆,建智聯合會計師事務所,紀敏滄,陳靜宜,2010/04/19,"??????????????""保留式核閱報告--依被投資公司未經會計師查核報告認列投資損益"""
84,84,1467,南緯實業,安侯建業聯合會計師事務所,簡蒂暖,吳昭德,2010/04/23,"??????????????""保留式核閱報告--依被投資公司未經會計師查核報告認列投資損益"""
85,85,1468,昶和纖維,勤業眾信聯合會計師事務所,許庭禎,何瑞軒,2010/04/22,"??????????????""保留式核閱報告--依被投資公司未經會計師查核報告認列投資損益"""
86,86,1469,理隆纖維,資誠聯合會計師事務所,蔡金拋,杜佩玲,2010/04/27,"??????????????""保留式核閱報告--依被投資公司未經會計師查核報告認列投資損益"""
87,87,1470,大統染,勤業眾信聯合會計師事務所,林谷同,劉永富,2010/04/23,"????????????????????""標準式無保留核閱報告 """
88,88,1471,首利,資誠聯合會計師事務所,蕭春鴛,徐永堅,2010/04/29,"??????????????""保留式核閱報告--依被投資公司未經會計師查核報告認列投資損益"""
89,89,1472,三洋紡,勤業眾信聯合會計師事務所,林谷同,劉永富,2010/04/29,"??????????????""保留式核閱報告--依被投資公司未經會計師查核報告認列投資損益"""
90,90,1473,台南企業,資誠聯合會計師事務所,林姿妤,李明憲,2010/04/28,"??????????????""保留式核閱報告--依被投資公司未經會計師查核報告認列投資損益"""
91,91,1474,弘裕,建 智 聯 合 會 計 師 事 務 所,紀敏滄,黃祥穎,2010/04/17,"??????????????""保留式核閱報告--依被投資公司未經會計師查核報告認列投資損益"""
92,92,1475,本盟光電,資誠聯合會計師事務所,林鈞堯,蔡金拋,2010/04/29,"??????????????""保留式核閱報告--依被投資公司未經會計師查核報告認列投資損益"""
93,93,1476,儒鴻,安侯建業聯合會計師事務所,吳秋華,曾國禓,2010/04/23,"??????????????""保留式核閱報告--依被投資公司未經會計師查核報告認列投資損益"""
94,94,1477,聚陽實業,安侯建業聯合會計師事務所,陳蓓琪,于紀隆,2010/04/28,"??????????????""保留式核閱報告--依被投資公司未經會計師查核報告認列投資損益"""
95,95,1503,士電,勤業眾信聯合會計師事務所,郭文吉,郭榮芳,2010/04/19,"??????????????""保留式核閱報告--依被投資公司未經會計師查核報告認列投資損益"""
96,96,1504,東元電機,資誠聯合會計師事務所,支秉鈞,曾惠瑾,2010/04/28,"??(?????????)??(?????????)""保留(附加其他事項說明段)--欲強調某一事項、依被投資公司未經會計師查核報告認列投資損益"""
97,97,1506,正道,安侯建業聯合會計師事務所,陳盈如,林琬琬,2010/04/29,"??????????????""保留式核閱報告--依被投資公司未經會計師查核報告認列投資損益"""
98,98,1507,永大機電,建昇財稅聯合會計師事務所,陳仁基,陳秀莉,2010/04/16,"??????????????""保留式核閱報告--依被投資公司未經會計師查核報告認列投資損益"""
99,99,1512,瑞利,勤業眾信聯合會計師事務所,吳秋燕,曾光敏,2010/04/22,"??????????????""保留式核閱報告--依被投資公司未經會計師查核報告認列投資損益"""
100,100,1513,中興電,鼎信聯合會計師事務所,林春枝,諶清,2010/04/16,"??????????????""保留式核閱報告--依被投資公司未經會計師查核報告認列投資損益"""
101,101,1514,亞力電機,惠眾聯合會計師事務所,卓敏枝,洪佑伶,2010/04/23,"??????????????""保留式核閱報告--依被投資公司未經會計師查核報告認列投資損益"""
102,102,1515,力山,安侯建業聯合會計師事務所,郭士華,魏忠華,2010/04/23,"??????????????""保留式核閱報告--依被投資公司未經會計師查核報告認列投資損益"""
103,103,1516,川飛,弘基聯合會計師事務所,張仕奇,莊俊華,2011/03/04,"????????????????????""修正式無保留核閱報告--欲強調某一事項"""
104,104,1517,利奇機械,勤業眾信聯合會計師事務所,呂惠民,羅瑞霖,2010/04/16,"??????????????""保留式核閱報告--依被投資公司未經會計師查核報告認列投資損益"""
105,105,1519,華城電機,勤業眾信聯合會計師事務所,張敬人,李東峰,2010/04/21,"??????????????""保留式核閱報告--依被投資公司未經會計師查核報告認列投資損益"""
106,106,1521,大億,勤業眾信聯合會計師事務所,龔俊吉,吳秋燕,2010/04/21,"??????????????""保留式核閱報告--依被投資公司未經會計師查核報告認列投資損益"""
107,107,1522,堤維西,安永會計師事務所,黃世杰,黃崇輝,2010/04/26,"??(?????????)??(?????????)""保留(附加其他事項說明段)--會計原則變動、依被投資公司未經會計師查核報告認列投資損益"""
108,108,1524,耿鼎企業,正風聯合會計師事務所,曾國富,丁鴻勛,2010/03/19,"??????????????""保留式核閱報告--依被投資公司未經會計師查核報告認列投資損益"""
109,109,1525,江申工業,勤業眾信聯合會計師事務所,許秀明,邵志明,2010/04/14,"??????????????""保留式核閱報告--依被投資公司未經會計師查核報告認列投資損益"""
110,110,1526,日馳,立 本 台 灣 聯 合 會 計 師 事 務 所,柯 俊 輝,陳 玉 芳,2010/04/23,"??????????????""保留式核閱報告--依被投資公司未經會計師查核報告認列投資損益"""
111,111,1527,鑽全,安永聯合會計師事務所,林鴻光,嚴文筆,2010/04/23,"??????????????""保留式核閱報告--依被投資公司未經會計師查核報告認列投資損益"""
112,112,1528,恩德,安 侯 建 業 聯 合 會 計 師 事 務 所,俞 安 恬,許 育 峰,2010/04/21,"??????????????""保留式核閱報告--依被投資公司未經會計師查核報告認列投資損益"""
113,113,1529,樂士,建 智 聯 合 會 計 師 事 務 所,陳宇頌,周芳文,2010/04/26,"??????????????""保留式核閱報告--依被投資公司未經會計師查核報告認列投資損益"""
114,114,1530,亞崴機電,敬 業 聯 合 會 計 師 事 務 所,王日春,黃勝義,2010/04/16,"??????????????""保留式核閱報告--依被投資公司未經會計師查核報告認列投資損益"""
115,115,1531,高林股,勤業眾信聯合會計師事務所,洪玉美,陳清祥,2010/04/23,"??????????????""保留式核閱報告--依被投資公司未經會計師查核報告認列投資損益"""
116,116,1532,勤美,安侯建業聯合會計師事務所,楊美雪,陳雅琳,2010/04/29,"??(?????????)??(?????????)""保留(附加其他事項說明段)--欲強調某一事項、依被投資公司未經會計師查核報告認列投資損益"""
117,117,1533,車王電,資誠聯合會計師事務所,楊明經,張志安,2010/04/29,"??????????????""保留式核閱報告--依被投資公司未經會計師查核報告認列投資損益"""
118,118,1535,中宇,勤業眾信聯合會計師事務所,邱慧吟(勤業眾信代表?,江佳玲(勤業眾信代表?,2010/04/12,"??????????????""保留式核閱報告--依被投資公司未經會計師查核報告認列投資損益"""
119,119,1536,和大工業,資誠聯合會計師事務所,蕭珍琪,張志安,2010/04/29,"??????????????""保留式核閱報告--依被投資公司未經會計師查核報告認列投資損益"""
120,120,1537,廣隆光電,資誠聯合會計師事務所,張志安,楊明經,2010/04/29,"??????????????""保留式核閱報告--依被投資公司未經會計師查核報告認列投資損益"""
121,121,1538,正峰新,安 侯 建 業 聯 合 會 計 師 事 務 所,寇惠植,吳秋華,2010/04/29,"??????????????""保留式核閱報告--依被投資公司未經會計師查核報告認列投資損益"""
122,122,1539,巨庭機械,鼎 信 聯 合 會 計 師 事 務 所,林明壽,蕭溪明,2010/04/21,"??????????????""保留式核閱報告--依被投資公司未經會計師查核報告認列投資損益"""
123,123,1540,喬福機械,資誠聯合會計師事務所,楊明經,洪淑華,2010/04/29,"??????????????""保留式核閱報告--依被投資公司未經會計師查核報告認列投資損益"""
124,124,1541,錩泰,安 永 聯 合 會 計 師 事 務 所,嚴文筆,涂清淵,2010/04/19,"????????????????????""修正式無保留核閱報告--會計原則變動"""
125,125,1558,伸興,安永聯合會計師事務所,涂清淵,林鴻光,2010/04/19,"??????????????""保留式核閱報告--依被投資公司未經會計師查核報告認列投資損益"""
126,126,1560,中砂,勤業眾信聯合會計師事務所,張清福,陳清祥,2010/04/19,"????????????????????""標準式無保留核閱報告 """
127,127,1582,信錦,勤業眾信聯合會計師事務所,李東峰,楊靜婷,2010/04/20,"??????????????""保留式核閱報告--依被投資公司未經會計師查核報告認列投資損益"""
128,128,1583,程泰,敬 業 聯 合 會 計 師 事 務 所,王日春,黃勝義,2010/04/20,"??????????????""保留式核閱報告--依被投資公司未經會計師查核報告認列投資損益"""
129,129,1603,華電,勤業眾信聯合會計師事務所,劉江抱,張瑞娜,2010/04/23,"??????????????""保留式核閱報告--依被投資公司未經會計師查核報告認列投資損益"""
130,130,1604,聲寶,勤 業 眾 信 聯 合 會 計 師 事 務 所,龔  雙  雄,陳　慧　銘,2010/04/26,"??????????????""保留式核閱報告--依被投資公司未經會計師查核報告認列投資損益"""
131,131,1605,華新,勤業眾信聯合會計師事務所,邱明玉,盧啟昌,2010/04/19,"????????????????????""標準式無保留核閱報告 """
132,132,1608,華榮,安侯建業聯合會計師事務所,楊博任,許振隆,2010/04/20,"??????????????""保留式核閱報告--依被投資公司未經會計師查核報告認列投資損益"""
133,133,1609,大亞電線,群 智 聯 合 會 計 師 事 務 所,黃奕睿,呂松裕,2010/04/16,"??????????????""保留式核閱報告--依被投資公司未經會計師查核報告認列投資損益"""
134,134,1611,中電,群信聯 合 會 計 師 事 務 所,謝文益,張誌銘,2010/04/19,"??????????????""保留式核閱報告--依被投資公司未經會計師查核報告認列投資損益"""
135,135,1612,宏泰,安永聯合會計師事務所,佟韻玲,張志銘,2010/04/19,"??????????????""保留式核閱報告--依被投資公司未經會計師查核報告認列投資損益"""
136,136,1613,台一,安侯建業聯合會計師事務所,曾國禓,簡蒂暖,2010/04/22,"??????????????""保留式核閱報告--依被投資公司未經會計師查核報告認列投資損益"""
137,137,1614,三洋電,第一聯合會計師事務所,高佩,王戊昌,2010/04/12,"??????????????""保留式核閱報告--依被投資公司未經會計師查核報告認列投資損益"""
138,138,1615,大山,安侯建業聯合會計師事務所,連淑凌,楊柳鋒,2010/04/23,"??(?????????)??(?????????)""保留(附加其他事項說明段)--欲強調某一事項、依被投資公司未經會計師查核報告認列投資損益"""
139,139,1616,億泰,安侯建業會計師事務所,魏忠華,陳振乾,2010/04/23,"??????????????""保留式核閱報告--依被投資公司未經會計師查核報告認列投資損益"""
140,140,1617,榮星電線,安 侯 建 業 聯 合 會 計 師 事 務 所,方 惠 玲,陳 國 宗,2010/04/16,"??????????????""保留式核閱報告--依被投資公司未經會計師查核報告認列投資損益"""
141,141,1618,合機公司,勤業眾信聯合會計師事務所,劉水恩,翁榮隨,2010/04/26,"??????????????""保留式核閱報告--依被投資公司未經會計師查核報告認列投資損益"""
142,142,1701,中化,資誠聯合會計師事務所,林鈞堯,王照明,2010/04/28,"??????????????""保留式核閱報告--依被投資公司未經會計師查核報告認列投資損益"""
143,143,1702,南僑化工,安侯建業聯合會計師事務所,黃柏淑,俞安恬,2010/04/21,"??????????????""保留式核閱報告--依被投資公司未經會計師查核報告認列投資損益"""
144,144,1704,榮化,勤 業 眾 信 會 計 師 事 務 所,郭 文 吉,許 庭 禎,2010/04/26,"??????????????""保留式核閱報告--依被投資公司未經會計師查核報告認列投資損益"""
145,145,1707,葡萄王,大中國際聯合會計師事務所,張榕枝,李聰明,2010/04/21,"??????????????""保留式核閱報告--依被投資公司未經會計師查核報告認列投資損益"""
146,146,1708,東鹼,安 侯 建 業 聯 合 會 計 師 事 務 所,林秀玉,唐慈杰,2010/04/16,"??????????????""保留式核閱報告--依被投資公司未經會計師查核報告認列投資損益"""
147,147,1709,和益化工,立本台灣聯合會計師事務所,柯俊榮,陶鴻文,2010/04/16,"??????????????""保留式核閱報告--依被投資公司未經會計師查核報告認列投資損益"""
148,148,1710,東聯,勤業眾信聯合會計師事務所,戴信維,范有偉,2010/04/15,"??????????????""保留式核閱報告--依被投資公司未經會計師查核報告認列投資損益"""
149,149,1711,永光化學,安侯建業聯合會計師事務所,林秀玉,唐慈杰,2010/04/19,"??????????????""保留式核閱報告--依被投資公司未經會計師查核報告認列投資損益"""
150,150,1712,興農,勤 業 眾 信 聯 合 會 計 師 事 務 所,曾 棟 鋆,成 德 潤,2010/04/21,"??????????????""保留式核閱報告--依被投資公司未經會計師查核報告認列投資損益"""
151,151,1713,國化,安永聯合會計師事務所,賴明陽,林麗凰,2010/04/20,"????????????????????""標準式無保留核閱報告 """
152,152,1714,和桐化學,資誠聯合會計師事務所,王照明,翁世榮,2010/04/29,"??????????????""保留式核閱報告--依被投資公司未經會計師查核報告認列投資損益"""
153,153,1715,萬洲化學,資誠聯合會計師事務所,王輝賢,王照明,2010/04/27,"??????????????""保留式核閱報告--依被投資公司未經會計師查核報告認列投資損益、其他"""
154,154,1717,長興材料,資誠聯合會計師事務所,林億彰,王國華,2010/04/27,"??????????????""保留式核閱報告--依被投資公司未經會計師查核報告認列投資損益"""
155,155,1718,中纖,勤業眾信聯合會計師事務所,徐文亞,王自軍,2010/04/26,"??????????????""保留式核閱報告--依被投資公司未經會計師查核報告認列投資損益"""
156,156,1720,生達化學,資誠聯合會計師事務所,林姿妤,李明憲,2010/04/27,"??????????????""保留式核閱報告--依被投資公司未經會計師查核報告認列投資損益"""
157,157,1721,三晃,勤業眾信聯合會計師事務所,吳麗冬會計師,成德潤會計師,2010/04/22,"??????????????""保留式核閱報告--依被投資公司未經會計師查核報告認列投資損益"""
158,158,1722,台肥,勤業眾信聯合會計師事務所,王儀雯,范有偉,2010/04/27,"??????????????""保留式核閱報告--依被投資公司未經會計師查核報告認列投資損益"""
159,159,1723,中碳,勤業眾信聯合會計師事務所,郭麗園,江佳玲,2010/04/12,"??????????????""保留式核閱報告--依被投資公司未經會計師查核報告認列投資損益"""
160,160,1724,台硝,資誠聯合會計師事務所,薛守宏,李燕娜,2010/04/21,"??????????????""保留式核閱報告--依被投資公司未經會計師查核報告認列投資損益"""
161,161,1725,元禎,勤業眾信聯合會計師事務所,張耿禧,仲偉,2010/04/16,"??????????????""保留式核閱報告--依被投資公司未經會計師查核報告認列投資損益"""
162,162,1726,永記造漆,展立聯合會計師事務所,柯宗立,陳文達,2010/04/16,"??????????????""保留式核閱報告--依被投資公司未經會計師查核報告認列投資損益"""
163,163,1727,中華化學,安 永 聯 合 會 計 師 事 務 所,佟韻玲,鄭戊水,2010/04/26,"??????????????""保留式核閱報告--依被投資公司未經會計師查核報告認列投資損益"""
164,164,1729,必翔實業,勤業眾信聯合會計師事務所,邵志明,郭政弘,2010/04/21,"??????????????""保留式核閱報告--依被投資公司未經會計師查核報告認列投資損益"""
165,165,1730,花仙子,鼎信聯合會計師事務所,林松樹,吳孟達,2010/04/16,"??????????????""保留式核閱報告--依被投資公司未經會計師查核報告認列投資損益"""
166,166,1731,美吾華,廣信益群聯合會 計 師 事 務 所,陳永琳,黃健豪,2010/04/23,"??????????????""保留式核閱報告--依被投資公司未經會計師查核報告認列投資損益"""
167,167,1732,毛寶,資誠聯合會計師事務所,吳郁隆,馮敏娟,2010/04/25,"??????????????""保留式核閱報告--依被投資公司未經會計師查核報告認列投資損益"""
168,168,1733,五鼎,勤 業 眾 信 聯  合  會 計 師 事 務 所,林鴻鵬,黃鴻文,2010/04/16,"????????????????????""標準式無保留核閱報告 """
169,169,1734,杏輝藥品,鼎信聯合會計師事務所,諶清,林春枝,2010/04/16,"??????????????""保留式核閱報告--依被投資公司未經會計師查核報告認列投資損益"""
170,170,1735,日勝化,安永聯合會計師事務所,林鴻光,(二余)清淵,2010/04/22,"??????????????""保留式核閱報告--依被投資公司未經會計師查核報告認列投資損益"""
171,171,1736,喬山健康,安永聯合會計師事務所,林鴻光,嚴文筆,2010/04/24,"??????????????""保留式核閱報告--依被投資公司未經會計師查核報告認列投資損益"""
172,172,1737,臺鹽,勤業眾信聯合會計師事務所,黃李松,龔俊吉,2010/04/16,"????????????????????""標準式無保留核閱報告 """
173,173,1773,勝一化工,建 興 聯 合 會 計 師 事 務 所,謝仁耀,黃鈴雯,2010/04/15,"??(?????????)??(?????????)""保留(附加其他事項說明段)--會計原則變動、依被投資公司未經會計師查核報告認列投資損益"""
174,174,1802,台玻,安永聯合會計師事務所,蕭翠慧,楊智惠,2010/04/26,"??????????????""保留式核閱報告--依被投資公司未經會計師查核報告認列投資損益"""
175,175,1805,寶徠,安侯建業聯合會計師事務所,賴麗真,陳嘉修,2010/04/22,"??????????????""保留式核閱報告--依被投資公司未經會計師查核報告認列投資損益"""
176,176,1806,冠軍,安侯建業聯合會計師事務所,賴麗真,簡蒂暖,2010/04/22,"??????????????""保留式核閱報告--依被投資公司未經會計師查核報告認列投資損益"""
177,177,1808,潤隆,安侯建業聯合會計師事務所,簡蒂暖,張淑瑩,2010/04/23,"????????????????????""標準式無保留核閱報告 """
178,178,1809,中釉,勤業眾信會計師事務所,賴冠仲,蔡宏祥,2010/04/20,"??????????????""保留式核閱報告--依被投資公司未經會計師查核報告認列投資損益"""
179,179,1810,和成,安侯建業 會 計 師 事 務 所,連淑凌,楊柳鋒,2010/04/23,"??????????????""保留式核閱報告--依被投資公司未經會計師查核報告認列投資損益"""
180,180,1902,台紙,勤業眾信聯合會計師事務所,蔡振財,柯志賢,2010/04/26,"??????????????""保留式核閱報告--依被投資公司未經會計師查核報告認列投資損益"""
181,181,1903,士紙,惠眾聯合會計師事務所,卓敏枝,洪佑伶,2010/04/14,"????????????????????""標準式無保留核閱報告 """
182,182,1904,正隆,安侯建業聯合會計師事務所,魏興海,吳美萍,2010/04/23,"??????????????""保留式核閱報告--依被投資公司未經會計師查核報告認列投資損益"""
183,183,1905,華紙,安侯建業聯合會計師事務所,黃柏淑會計師,俞安恬會計師,2010/04/13,"??????????????""保留式核閱報告--依被投資公司未經會計師查核報告認列投資損益"""
184,184,1906,寶隆,立本台灣聯合會計師事務所,陶鴻文,顏榮裕,2010/04/12,"??????????????""保留式核閱報告--依被投資公司未經會計師查核報告認列投資損益"""
185,185,1907,永豐餘,勤業眾信聯合會計師事務所,林淑婉,郭政弘,2010/04/21,"??????????????""保留式核閱報告--依被投資公司未經會計師查核報告認列投資損益"""
186,186,1909,榮成,立本台灣聯合會計師事務所,陶鴻文,顏榮裕,2010/04/13,"??????????????""保留式核閱報告--依被投資公司未經會計師查核報告認列投資損益"""
187,187,2002,中鋼,勤業眾信聯合會計師事務所,曾光敏,黃樹傑,2010/04/13,"??????????????""保留式核閱報告--依被投資公司未經會計師查核報告認列投資損益"""
188,188,2006,東和鋼鐵,安侯建業聯合會計師事務所,吳秋華,寇惠植,2010/04/26,"??????????????""保留式核閱報告--依被投資公司未經會計師查核報告認列投資損益"""
189,189,2007,燁興公司,建興聯合會計師事務所,劉奕宏,李青霖,2010/04/20,"????????????????????""標準式無保留核閱報告 """
190,190,2008,高興昌,安侯建業聯合會計師事務所,陳國宗,陳惠媛,2010/04/23,"??????????????""保留式核閱報告--依被投資公司未經會計師查核報告認列投資損益"""
191,191,2009,第一伸銅,安侯建業聯合會計師事務所,楊博任,許振隆,2010/04/19,"????????????????????""標準式無保留核閱報告 """
192,192,2010,春源鋼鐵,第一 聯 合 會 計 師 事 務 所,王戊昌,甘有財,2010/04/19,"??????????????""保留式核閱報告--依被投資公司未經會計師查核報告認列投資損益"""
193,193,2012,春雨,建興聯合會計師事務所,李青霖,蔡淑滿,2010/04/21,"??(?????????)??(?????????)""保留(附加其他事項說明段)--會計原則變動、依被投資公司未經會計師查核報告認列投資損益"""
194,194,2013,中鋼構,勤業眾信聯合會計師事務所,郭麗園,曾光敏,2010/04/12,"??????????????""保留式核閱報告--依被投資公司未經會計師查核報告認列投資損益"""
195,195,2014,中鴻,勤業眾信聯合會計師事務所,郭麗園,江佳玲,2010/04/12,"??????????????""保留式核閱報告--依被投資公司未經會計師查核報告認列投資損益"""
196,196,2015,豐興鋼鐵,安 永 聯 合 會 計 師 事 務 所,涂清淵 (YYY代表會計?,嚴文筆 (YYY代表會計?,2010/04/14,"??????????????""保留式核閱報告--依被投資公司未經會計師查核報告認列投資損益"""
197,197,2017,官田鋼,勤業眾信聯合會計師事務所,李季珍,郭麗園,2010/04/16,"??????????????""保留式核閱報告--依被投資公司未經會計師查核報告認列投資損益"""
198,198,2020,美亞鋼管,鼎信聯合會計師事務所,林金鳳,張亞荃,2010/04/23,"??????????????""保留式核閱報告--依被投資公司未經會計師查核報告認列投資損益"""
199,199,2022,聚亨,正風聯合會計師事務所,吳欣亮,周銀來,2010/04/22,"??????????????""保留式核閱報告--依被投資公司未經會計師查核報告認列投資損益"""
200,200,2023,燁輝,建興聯合會計師事務所,黃鈴雯,李青霖,2010/04/22,"??????????????""保留式核閱報告--依被投資公司未經會計師查核報告認列投資損益"""
201,201,2024,志聯工業,安侯建業 會 計 師 事 務 所,黃柏淑,許育峰,2010/04/19,"??????????????""保留式核閱報告--依被投資公司未經會計師查核報告認列投資損益"""
202,202,2025,千興,資誠聯合會計師事務所,洪麗蓉,王國華,2010/04/28,"??????????????""保留式核閱報告--依被投資公司未經會計師查核報告認列投資損益"""
203,203,2027,大成鋼,勤業眾信聯合會計師事務所,邱慧吟,龔俊吉,2010/04/21,"??????????????""保留式核閱報告--依被投資公司未經會計師查核報告認列投資損益"""
204,204,2028,威致鋼鐵,建興聯合會計師事務所,李青霖,劉奕宏,2010/04/29,"????????????????????""標準式無保留核閱報告 """
205,205,2029,盛餘,勤業眾信聯合會計師事務所,龔俊吉,邱慧吟,2010/04/20,"??????????????""保留式核閱報告--依被投資公司未經會計師查核報告認列投資損益"""
206,206,2030,彰源,勤業眾信聯合會計師事務所,羅瑞霖,吳麗冬,2010/04/21,"??????????????""保留式核閱報告--依被投資公司未經會計師查核報告認列投資損益"""
207,207,2031,新光鋼,勤業眾信聯合會計師事務所,翁榮隨,張淳儀,2010/04/20,"????????????????????""修正式無保留核閱報告--會計原則變動"""
208,208,2032,新鋼工業,第 一 聯 合 會 計 師 事 務 所,林志隆,甘有財,2010/04/20,"????????????????????""標準式無保留核閱報告 """
209,209,2033,佳大世界,南台聯合會計師事務所,丁澤祥,蔡玉琴,2010/04/19,"????????????????????""標準式無保留核閱報告 """
210,210,2034,允強,中國財稅聯合會計師事務所,徐啟學,吳靜儒,2010/04/16,"????????????????????""修正式無保留核閱報告--會計原則變動"""
211,211,2038,海光企業,勤 業 眾 信 聯 合 會 計 師 事 務 所,邱 慧 吟,江 佳 玲,2010/04/16,"????????????????????""標準式無保留核閱報告 """
212,212,2049,上銀科技,勤業眾信聯合會計師事務所,羅瑞霖,吳麗冬,2010/04/22,"??????????????""保留式核閱報告--依被投資公司未經會計師查核報告認列投資損益"""
213,213,2059,川湖,勤業眾信聯合會計師事務所,江佳玲,郭麗園,2010/04/22,"????????????????????""標準式無保留核閱報告 """
214,214,2062,橋椿,勤業眾信聯合會計師事務所,吳麗冬,羅瑞霖,2010/04/20,"??????????????""保留式核閱報告--依被投資公司未經會計師查核報告認列投資損益"""
215,215,2101,南港輪胎,正 風 聯 合 會 計 師 事 務 所,周銀來,吳欣亮,2010/04/20,"????????????????????""標準式無保留核閱報告 """
216,216,2102,泰豐輪胎,資誠聯合會計師事務所,杜佩玲,吳德豐,2010/04/29,"??????????????""保留式核閱報告--依被投資公司未經會計師查核報告認列投資損益"""
217,217,2103,台橡,安侯建業聯合會計師事務所,楊美雪,陳雅琳,2010/04/10,"??????????????""保留式核閱報告--依被投資公司未經會計師查核報告認列投資損益"""
218,218,2104,中橡,勤業眾信聯合會計師事務所,吳美慧,楊明哲,2010/04/16,"??????????????""保留式核閱報告--依被投資公司未經會計師查核報告認列投資損益"""
219,219,2105,正新,資誠聯合會計師事務所,張志安,薛明玲,2010/04/29,"??????????????""保留式核閱報告--依被投資公司未經會計師查核報告認列投資損益"""
220,220,2106,建大,鼎信聯合會計師事務所,林明壽,黃素絹,2010/04/21,"??????????????""保留式核閱報告--依被投資公司未經會計師查核報告認列投資損益"""
221,221,2107,厚生,正風聯合會計師事務所,徐素琴,周銀來,2010/04/16,"??????????????""保留式核閱報告--依被投資公司未經會計師查核報告認列投資損益"""
222,222,2108,南帝化工,資誠聯合會計師事務所,林姿妤,王國華,2010/04/27,"??(?????????)??(?????????)""保留(附加其他事項說明段)--會計原則變動、依被投資公司未經會計師查核報告認列投資損益"""
223,223,2109,華豐橡膠,群 智 聯 合 會 計 師 事 務 所,黃 奕 睿,陳 郁 惠,2010/04/18,"??????????????""保留式核閱報告--依被投資公司未經會計師查核報告認列投資損益"""
224,224,2114,鑫永銓,資誠聯合會計師事務所,楊明經,洪淑華,2010/04/29,"??????????????""保留式核閱報告--依被投資公司未經會計師查核報告認列投資損益"""
225,225,2201,裕隆汽車,勤業眾信聯合會計師事務所,郭俐雯,林文欽,2010/04/22,"??????????????""保留式核閱報告--依被投資公司未經會計師查核報告認列投資損益"""
226,226,2204,中華汽車,勤業眾信聯合會計師事務所,邵志明,林秀戀,2010/04/22,"??????????????""保留式核閱報告--依被投資公司未經會計師查核報告認列投資損益"""
227,227,2206,三陽工業,安侯建業聯合會計師事務所,簡蒂暖,陳嘉修,2010/04/26,"??(?????????)??(?????????)""保留(附加其他事項說明段)--欲強調某一事項、依被投資公司未經會計師查核報告認列投資損益"""
228,228,2207,和泰汽車,資誠聯合會計師事務所,蕭金木,薛明玲,2010/04/30,"??(?????????)??(?????????)""保留(附加其他事項說明段)--會計原則變動、依被投資公司未經會計師查核報告認列投資損益"""
229,229,2208,台船公司,資誠聯合會計師事務所,王國華,林億彰,2010/04/26,"????????????????????""標準式無保留核閱報告 """
230,230,2227,裕隆日產,勤 業 眾 信 聯 合 會 計 師 事 務 所,吳恩銘,陳招美,2010/04/21,"??????????????""保留式核閱報告--依被投資公司未經會計師查核報告認列投資損益"""
231,231,2231,為升,安 侯 建 業 聯 合 會 計 師 事 務 所,張字信,陳君滿,2010/04/16,"??????????????""保留式核閱報告--依被投資公司未經會計師查核報告認列投資損益"""
232,232,2301,光寶科技,勤業眾信聯合會計師事務所,陳清祥,張日炎,2010/04/19,"??????????????""保留式核閱報告--依被投資公司未經會計師查核報告認列投資損益"""
233,233,2302,麗正,安侯建業聯合會計師事務所,賴 麗 真,陳 嘉 修,2010/04/23,"??????????????""保留式核閱報告--依被投資公司未經會計師查核報告認列投資損益"""
234,234,2303,聯電,安永聯合會計師事務所,許新民,梁益彰,2010/04/22,"????????????????????""修正式無保留核閱報告--採用其他會計師查核且欲區分責任"""
235,235,2305,全友電腦,安侯建業聯合會計師事務所,吳惠蘭,魏興海,2010/04/23,"??????????????""保留式核閱報告--依被投資公司未經會計師查核報告認列投資損益"""
236,236,2308,台達電,資誠聯合會計師事務所,曾惠瑾,蔡金拋,2010/04/21,"??????????????""保留式核閱報告--依被投資公司未經會計師查核報告認列投資損益"""
237,237,2311,日月光,勤業眾信聯合會計師事務所,龔俊吉,邱慧吟,2010/04/28,"????????????????????""修正式無保留核閱報告--會計原則變動"""
238,238,2312,金寶電子,立本台灣聯合會計師事務所,陳玉芳,陶鴻文,2010/04/09,"??(?????????)??(?????????)""保留(附加其他事項說明段)--會計原則變動、依被投資公司未經會計師查核報告認列投資損益"""
239,239,2313,華通,正風聯合會計師事務所,丁鴻勛,曾國富,2010/04/21,"??????????????""保留式核閱報告--依被投資公司未經會計師查核報告認列投資損益"""
240,240,2314,台揚科技,資誠聯合會計師事務所,溫芳郁,劉銀妃,2010/04/28,"????????????????????""標準式無保留核閱報告 """
241,241,2316,楠梓電,勤 業 眾 信 聯 合 會 計 師 事 務 所,郭麗園,龔俊吉,2010/04/23,"??????????????""保留式核閱報告--依被投資公司未經會計師查核報告認列投資損益"""
242,242,2317,鴻海,資誠聯合會計師事務所,徐永堅,李燕松,2010/04/29,"??????????????""保留式核閱報告--依被投資公司未經會計師查核報告認列投資損益"""
243,243,2321,東訊,資誠聯合會計師事務所,鄭雅慧,曾國華,2010/04/29,"??????????????""保留式核閱報告--依被投資公司未經會計師查核報告認列投資損益"""
244,244,2323,中環,資誠聯合會計師事務所,蔡金拋,林鈞堯,2010/04/30,"??(?????????)??(?????????)""保留(附加其他事項說明段)--採用其他會計師查核且欲區分責任、依被投資公司未經會計師查核報告認列投資損益"""
245,245,2324,仁寶電腦,安侯建業聯合會計師事務所,區耀軍,顏幸福,2010/04/19,"??????????????""保留式核閱報告--依被投資公司未經會計師查核報告認列投資損益"""
246,246,2325,矽品,資誠聯合會計師事務所,洪淑華,林玉寬,2010/04/26,"??????????????""保留式核閱報告--依被投資公司未經會計師查核報告認列投資損益"""
247,247,2327,國巨,勤業眾信聯合會計師事務所,施景彬,卓明信,2010/04/27,"??(?????????)??(?????????)""保留(附加其他事項說明段)--採用其他會計師查核且欲區分責任、依被投資公司未經會計師查核報告認列投資損益"""
248,248,2328,廣宇,資誠聯合會計師事務所,蕭春鴛,曾惠瑾,2010/04/28,"??????????????""保留式核閱報告--依被投資公司未經會計師查核報告認列投資損益"""
249,249,2329,華泰電子,安永會計師事務所,陳政初,侯榮顯,2010/03/31,"??(?????????)??(?????????)""保留(附加其他事項說明段)--欲強調某一事項、依被投資公司未經會計師查核報告認列投資損益"""
250,250,2330,台積電,勤業眾信聯合會計師事務所,林鴻鵬,黃樹傑,2010/04/20,"????????????????????""標準式無保留核閱報告 """
251,251,2331,精英,勤業眾信聯合會計師事務所,韋亮發,邱政俊,2010/04/21,"??????????????""保留式核閱報告--依被投資公司未經會計師查核報告認列投資損益"""
252,252,2332,友訊科技,安 侯 建 業 聯 合 會 計 師 事務 所,周寶蓮(YYY代表會計師,顏幸福(YYY代表會計師,2010/04/23,"??????????????""保留式核閱報告--依被投資公司未經會計師查核報告認列投資損益"""
253,253,2337,旺宏,勤 業 眾 信 聯 合 會 計 師 事 務 所,林 鴻 鵬,張 日 炎,2010/04/16,"??????????????""保留式核閱報告--依被投資公司未經會計師查核報告認列投資損益"""
254,254,2338,光罩,資誠聯合會計師事務所,林玉寬,劉銀妃,2010/04/29,"??????????????""保留式核閱報告--依被投資公司未經會計師查核報告認列投資損益"""
255,255,2340,光磊,資誠聯合會計師事務所,賴宗羲,王偉臣,2010/04/27,"??(?????????)??(?????????)""保留(附加其他事項說明段)--會計原則變動、依被投資公司未經會計師查核報告認列投資損益"""
256,256,2342,茂矽,調和聯合會計師事務所,郭思琪,吳佳鴻,2010/04/30,"??????????????""保留式核閱報告--依被投資公司未經會計師查核報告認列投資損益"""
257,257,2344,華邦電,勤業眾信聯合會計師事務所,盧啟昌,邱明玉,2010/04/09,"????????????????????""修正式無保留核閱報告--採用其他會計師查核且欲區分責任"""
258,258,2345,智邦科技,勤業眾信聯合會計師事務所,林政治,黃鴻文,2010/04/21,"??????????????""保留式核閱報告--依被投資公司未經會計師查核報告認列投資損益"""
259,259,2347,聯強國際,資誠聯合會計師事務所,葉翠苗,曾惠瑾,2010/04/28,"??????????????""保留式核閱報告--依被投資公司未經會計師查核報告認列投資損益"""
260,260,2348,海悅,勤業眾信會計師事務所,戴信維,王儀雯,2010/04/16,"????????????????????""修正式無保留核閱報告--繼續經營假設有疑慮"""
261,261,2349,錸德科技,安 永 會 計 師 事 務 所,鄭 戊 水,徐 榮 煌,2010/04/28,"??????????????""保留式核閱報告--依被投資公司未經會計師查核報告認列投資損益"""
262,262,2351,順德,鼎 信 聯 合 會 計 師 事 務 所,楊貞瑜,蕭溪明,2010/04/21,"??????????????""保留式核閱報告--依被投資公司未經會計師查核報告認列投資損益"""
263,263,2352,佳世達,安侯建業會計師事務所,唐慈杰,張惠貞,2010/04/26,"??????????????""保留式核閱報告--依被投資公司未經會計師查核報告認列投資損益"""
264,264,2353,宏,安侯建業聯合會計師事務所,張 惠 貞,楊 美 雪,2010/04/23,"????????????????????""標準式無保留核閱報告 """
265,265,2354,鴻準,資誠聯合會計師事務所,蕭春鴛,曾惠瑾,2010/04/29,"??????????????""保留式核閱報告--依被投資公司未經會計師查核報告認列投資損益"""
266,266,2355,敬鵬,安 侯 建 業 聯 合 會 計 師 事 務 所,呂 莉 莉,許 育 峰,2010/04/19,"??????????????""保留式核閱報告--依被投資公司未經會計師查核報告認列投資損益"""
267,267,2356,英業達,安侯建業聯合會計師事務所,林琬琬,陳眉芳,2010/04/22,"??????????????""保留式核閱報告--依被投資公司未經會計師查核報告認列投資損益"""
268,268,2357,華碩,安侯建業聯合會計師事務所,顏幸福,羅瑞蘭,2010/04/23,"??(?????????)??(?????????)""保留(附加其他事項說明段)--前期由其他會計師查核、依被投資公司未經會計師查核報告認列投資損益"""
269,269,2358,廷鑫,勤業眾信聯合會計師事務所,郭慈容,王小蕙,2010/04/21,"??????????????""保留式核閱報告--依被投資公司未經會計師查核報告認列投資損益"""
270,270,2359,所羅門,資誠聯合會計師事務所,蕭金木,吳郁隆,2010/04/29,"??????????????""保留式核閱報告--依被投資公司未經會計師查核報告認列投資損益"""
271,271,2360,致茂電子,勤業眾信聯合會計師事務所,林文欽,李振銘,2010/04/15,"??????????????""保留式核閱報告--依被投資公司未經會計師查核報告認列投資損益"""
272,272,2362,藍天,資誠聯合會計師事務所,洪慶山,賴宗羲,2010/04/28,"??(?????????)??(?????????)""保留(附加其他事項說明段)--會計原則變動、依被投資公司未經會計師查核報告認列投資損益"""
273,273,2363,矽統科技,安永 聯 合 會 計 師 事 務 所,王彥鈞,梁益彰,2010/04/21,"??(?????????)??(?????????)""保留(附加其他事項說明段)--欲強調某一事項、依被投資公司未經會計師查核報告認列投資損益"""
274,274,2364,倫飛電腦,安 侯 建 業 聯 合 會 計 師 事 務 所,呂莉莉,王明志,2010/04/23,"??????????????""保留式核閱報告--依被投資公司未經會計師查核報告認列投資損益"""
275,275,2365,昆盈企業,勤業眾信聯合會計師事務所,吳美慧,楊明哲,2010/04/12,"??????????????""保留式核閱報告--依被投資公司未經會計師查核報告認列投資損益"""
276,276,2367,燿華,安 候 建 業 聯 合 會 計 師 事 務 所,王清松,林恆昇,2010/04/23,"??????????????""保留式核閱報告--依被投資公司未經會計師查核報告認列投資損益"""
277,277,2368,金像電,勤業眾信會計師事務所,張淳儀會計師,周以隆會計師,2010/04/23,"??????????????""保留式核閱報告--依被投資公司未經會計師查核報告認列投資損益"""
278,278,2369,菱生,勤業眾信聯合會計師事務所,呂惠民,成德潤,2010/04/20,"??????????????""保留式核閱報告--依被投資公司未經會計師查核報告認列投資損益"""
279,279,2371,大同,安永聯合會計師事務所,梁益彰,張嵐菁,2010/04/28,"??????????????""保留式核閱報告--依被投資公司未經會計師查核報告認列投資損益"""
280,280,2373,震旦行,勤業眾信聯合會計師事務所,林谷同,劉永富,2010/04/23,"??????????????""保留式核閱報告--依被投資公司未經會計師查核報告認列投資損益"""
281,281,2374,佳能,資誠聯合會計師事務所,曾惠瑾,吳漢期,2010/04/21,"??????????????""保留式核閱報告--依被投資公司未經會計師查核報告認列投資損益"""
282,282,2375,智寶,勤業眾信聯合會計師事務所,卓明信,施景彬,2010/04/16,"??????????????""保留式核閱報告--依被投資公司未經會計師查核報告認列投資損益"""
283,283,2376,技嘉,資誠聯合會計師事務所,陳美姿,林瑟凱,2010/04/29,"??????????????""保留式核閱報告--依被投資公司未經會計師查核報告認列投資損益"""
284,284,2377,微星科技,資誠聯合會計師事務所,蕭金木,張明輝,2010/04/26,"??????????????""保留式核閱報告--依被投資公司未經會計師查核報告認列投資損益"""
285,285,2379,瑞昱,資 誠 聯 合 會 計 師 事 務 所,曾國華 (YYY代表會計?,鄭雅慧 (YYY代表會計?,2010/04/27,"??????????????""保留式核閱報告--依被投資公司未經會計師查核報告認列投資損益"""
286,286,2380,虹光精密,資誠聯合會計師事務所,溫芳郁,林玉寬,2010/04/27,"??????????????""保留式核閱報告--依被投資公司未經會計師查核報告認列投資損益"""
287,287,2382,廣達,安侯建業聯合會計師事務所,林琬琬,楊柳鋒,2010/04/21,"??(?????????)??(?????????)""保留(附加其他事項說明段)--採用其他會計師查核且欲區分責任、依被投資公司未經會計師查核報告認列投資損益"""
288,288,2383,台光電子,安侯建業聯合會計師事務所,江忠儀,連淑凌,2010/04/19,"??????????????""保留式核閱報告--依被投資公司未經會計師查核報告認列投資損益"""
289,289,2385,群光電子,資誠聯合會計師事務所,王輝賢,李燕松,2010/04/29,"??????????????""保留式核閱報告--依被投資公司未經會計師查核報告認列投資損益"""
290,290,2387,精元電腦,資誠聯合會計師事務所,蕭珍琪,張志安,2010/04/29,"??????????????""保留式核閱報告--依被投資公司未經會計師查核報告認列投資損益"""
291,291,2388,威盛電子,勤業眾信聯合會計師事務所,楊民賢,王自軍,2010/04/26,"??????????????""保留式核閱報告--依被投資公司未經會計師查核報告認列投資損益"""
292,292,2390,云辰,勤業眾信聯合會計師事務所,龔雙雄,林秀戀,2010/04/22,"??(?????????)??(?????????)""保留(附加其他事項說明段)--前期由其他會計師查核、依被投資公司未經會計師查核報告認列投資損益"""
293,293,2392,正崴,資誠聯合會計師事務所,林瑟凱,翁世榮,2010/04/30,"??????????????""保留式核閱報告--依被投資公司未經會計師查核報告認列投資損益"""
294,294,2393,億光電子,安侯建業聯合會計師事務所,區耀軍,羅瑞蘭,2010/04/19,"??????????????""保留式核閱報告--依被投資公司未經會計師查核報告認列投資損益"""
295,295,2395,研華,勤 業 眾 信 聯 合 會 計 師 事 務 所,柯志賢,林安惠,2010/04/19,"??????????????""保留式核閱報告--依被投資公司未經會計師查核報告認列投資損益"""
296,296,2397,友通資訊,勤業眾信聯合會計師事務所,施景彬,卓明信,2010/04/16,"??????????????""保留式核閱報告--依被投資公司未經會計師查核報告認列投資損益"""
297,297,2399,映泰,勤業眾信聯合會計師事務所,楊 清 鎮,翁 榮 隨,2010/04/21,"??????????????""保留式核閱報告--依被投資公司未經會計師查核報告認列投資損益"""
298,298,2401,凌陽科技,勤業眾信聯合會計師事務所,葉東煇,黃鴻文,2010/04/15,"??????????????""保留式核閱報告--依被投資公司未經會計師查核報告認列投資損益"""
299,299,2402,毅嘉科技,勤業眾信聯合會計師事務所,林宜慧,李麗凰,2010/04/14,"??????????????""保留式核閱報告--依被投資公司未經會計師查核報告認列投資損益"""
300,300,2404,漢唐,安 侯 建 業 會 計 師 事 務 所,李宗霖,方燕玲,2010/04/19,"??????????????""保留式核閱報告--依被投資公司未經會計師查核報告認列投資損益"""
301,301,2405,浩鑫,勤 業 眾 信 聯 合 會 計 師 事 務 所,吳 恩 銘,謝 建 新,2010/04/16,"??(?????????)??(?????????)""保留(附加其他事項說明段)--會計原則變動、依被投資公司未經會計師查核報告認列投資損益"""
302,302,2406,國碩科技,安永聯合會計師事務所,郭紹彬,佟韻玲,2010/04/28,"??????????????""保留式核閱報告--依被投資公司未經會計師查核報告認列投資損益"""
303,303,2408,南亞科,安侯建業會計師事務所,吳秋華,寇惠植,2010/04/20,"??????????????""保留式核閱報告--依被投資公司未經會計師查核報告認列投資損益"""
304,304,2409,友達,安侯建業聯合會計師事務所,魏興海會計師,魏忠華會計師,2010/04/19,"??????????????""保留式核閱報告--依被投資公司未經會計師查核報告認列投資損益"""
305,305,2412,中華電,勤業眾信聯合會計師事務所,謝建新,張日炎,2010/04/22,"??????????????""保留式核閱報告--依被投資公司未經會計師查核報告認列投資損益"""
306,306,2413,環科,安永會計師事務所,涂清淵,林鴻光,2010/04/24,"??????????????""保留式核閱報告--依被投資公司未經會計師查核報告認列投資損益"""
307,307,2414,精技電腦,安永聯合會計師事務所,林秀湄,蕭翠慧,2010/04/23,"??(?????????)??(?????????)""保留(附加其他事項說明段)--會計原則變動、依被投資公司未經會計師查核報告認列投資損益"""
308,308,2415,錩新,勤業眾信聯合會計師事務所,王小蕙,韋亮發,2010/04/26,"??????????????""保留式核閱報告--依被投資公司未經會計師查核報告認列投資損益"""
309,309,2417,圓剛,勤業眾信聯合會計師事務所,林文欽,王儀雯,2010/04/20,"??(?????????)??(?????????)""保留(附加其他事項說明段)--採用其他會計師查核且欲區分責任、依被投資公司未經會計師查核報告認列投資損益"""
310,310,2419,仲琦,立本台灣聯合會計師事務所,許坤錫,劉克宜,2010/03/31,"??????????????""保留式核閱報告--依被投資公司未經會計師查核報告認列投資損益"""
311,311,2420,新巨,安 侯 建 業 會 計 師 事 務 所,關  春  修,王  明  志,2010/04/19,"??????????????""保留式核閱報告--依被投資公司未經會計師查核報告認列投資損益"""
312,312,2421,建準電機,建興聯合會計師事務所,蔡淑滿,李青霖,2010/04/21,"??????????????""保留式核閱報告--依被投資公司未經會計師查核報告認列投資損益"""
313,313,2423,固緯,安永會計師事務所,蕭翠慧,楊智惠,2010/04/16,"??????????????""保留式核閱報告--依被投資公司未經會計師查核報告認列投資損益"""
314,314,2424,隴華電子,集智聯合會計師事務所,賴錦蘭,林來福,2010/04/16,"??(?????????)??(?????????)""保留(附加其他事項說明段)--會計原則變動、前期由其他會計師查核、依被投資公司未經會計師查核報告認列投資損益"""
315,315,2425,承啟,勤業眾信聯合會計師事務所,郭麗園,邱慧吟,2010/04/16,"????????????????????""標準式無保留核閱報告 """
316,316,2426,鼎元,勤業眾信聯合會計師事務所,陳錦章,陳明煇,2010/04/23,"??????????????""保留式核閱報告--依被投資公司未經會計師查核報告認列投資損益"""
317,317,2427,三商電腦,立本台灣聯合會計師事務所,劉克宜,許坤錫,2010/04/14,"??????????????""保留式核閱報告--依被投資公司未經會計師查核報告認列投資損益"""
318,318,2428,興勤電子,勤 業 眾 信 聯 合 會 計 師 事 務 所,江佳玲,龔俊吉,2010/04/20,"??????????????""保留式核閱報告--依被投資公司未經會計師查核報告認列投資損益"""
319,319,2429,銘旺科,建智聯合會計師事務所,周芳文,陳宇頌,2010/04/23,"????????????????????""標準式無保留核閱報告 """
320,320,2430,燦坤實業,資誠聯合會計師事務所,蔡金拋,林鈞堯,2010/04/15,"????????????????????""修正式無保留核閱報告--欲強調某一事項"""
321,321,2431,聯昌電子,資 誠 聯 合 會 計 師 事 務 所,支秉鈞 (YYY代表會計?,曾惠瑾(YYY代表會計師,2010/04/28,"??????????????""保留式核閱報告--依被投資公司未經會計師查核報告認列投資損益"""
322,322,2433,互盛電,勤業眾信聯合會計師事務所,林谷同 (YYY代表會計?,劉永富 (YYY代表會計?,2010/04/23,"??????????????""保留式核閱報告--依被投資公司未經會計師查核報告認列投資損益"""
323,323,2434,統懋,勤業眾信聯合會計師事務所,吳秋燕,龔俊吉,2010/04/21,"??????????????""保留式核閱報告--依被投資公司未經會計師查核報告認列投資損益"""
324,324,2436,偉詮電,勤業眾信聯合會計師事務所,林政治,黃裕峰,2010/04/15,"??????????????""保留式核閱報告--依被投資公司未經會計師查核報告認列投資損益"""
325,325,2437,旺詮,勤業眾信聯合會計師事務所,吳秋燕,郭麗園,2010/04/19,"????????????????????""標準式無保留核閱報告 """
326,326,2438,翔耀實業,第一聯合 會 計 師 事 務 所,甘有財,邱繼盛,2010/04/23,"??(?????????)??(?????????)""保留(附加其他事項說明段)--繼續經營假設有疑慮、依被投資公司未經會計師查核報告認列投資損益"""
327,327,2439,美律,資誠聯合會計師事務所,楊明經,洪淑華,2010/04/28,"??????????????""保留式核閱報告--依被投資公司未經會計師查核報告認列投資損益"""
328,328,2440,太空梭,立本台灣聯合會計師事務所,張 書 成,劉 克 宜,2010/04/14,"??????????????""保留式核閱報告--依被投資公司未經會計師查核報告認列投資損益"""
329,329,2441,超豐電子,勤 業 眾 信 聯 合 會 計 師 事 務 所,黃裕峰,黃鴻文,2010/04/21,"????????????????????""標準式無保留核閱報告 """
330,330,2442,新美齊,安侯建業聯合會計師事務所,寇惠植,吳秋華,2010/04/20,"??????????????""保留式核閱報告--依被投資公司未經會計師查核報告認列投資損益"""
331,331,2443,新利虹,勤業眾信聯合會計師事務所,陳錦章 (YYY代表會計?,陳明煇 (YYY代表會計?,2010/04/29,"??(?????????)??(?????????)""保留(附加其他事項說明段)--欲強調某一事項、依被投資公司未經會計師查核報告認列投資損益"""
332,332,2444,友旺科技,勤業眾信聯合會計師事務所,林宗燕,陳明煇,2010/04/23,"??????????????""保留式核閱報告--依被投資公司未經會計師查核報告認列投資損益"""
333,333,2448,晶電,資誠聯合會計師事務所,劉銀妃,曾國華,2010/04/26,"??????????????""保留式核閱報告--依被投資公司未經會計師查核報告認列投資損益"""
334,334,2449,京元電子,安永聯合會計師事務所,黃益輝,許新民,2010/04/16,"??????????????""保留式核閱報告--依被投資公司未經會計師查核報告認列投資損益"""
335,335,2450,神腦,勤業眾信聯合會計師事務所,謝建新,陳招美,2010/04/12,"??????????????""保留式核閱報告--依被投資公司未經會計師查核報告認列投資損益"""
336,336,2451,創見資訊,資誠聯合會計師事務所,林鈞堯,王輝賢,2010/04/22,"??????????????""保留式核閱報告--依被投資公司未經會計師查核報告認列投資損益"""
337,337,2453,凌群,勤 業 眾 信 聯 合 會 計 師 事 務 所,戴信維,范有偉,2010/04/22,"??(?????????)??(?????????)""保留(附加其他事項說明段)--欲強調某一事項、依被投資公司未經會計師查核報告認列投資損益"""
338,338,2454,聯發科,安 永 聯 合 會 計 師 事 務 所,郭紹彬,許新民,2010/04/21,"????????????????????""標準式無保留核閱報告 """
339,339,2455,全新,資 誠 聯 合 會 計 師 事 務 所,周筱姿(YYY代表會計師,李燕娜(YYY代表會計師,2010/04/27,"????????????????????""標準式無保留核閱報告 """
340,340,2456,奇力新,資誠聯合會計師事務所,葉翠苗,蔡金拋,2010/04/26,"??????????????""保留式核閱報告--依被投資公司未經會計師查核報告認列投資損益、其他"""
341,341,2457,飛宏科技,勤業眾信聯合會計師事務所,洪國田,余鴻賓,2010/04/26,"??????????????""保留式核閱報告--依被投資公司未經會計師查核報告認列投資損益"""
342,342,2458,義隆,安侯建業聯合會計師事務所,高渭川 會計師,魏興海 會計師,2010/04/20,"??????????????""保留式核閱報告--依被投資公司未經會計師查核報告認列投資損益"""
343,343,2459,敦吉,安永會計師事務所,張嵐菁,梁益彰,2010/04/23,"??????????????""保留式核閱報告--依被投資公司未經會計師查核報告認列投資損益"""
344,344,2460,建通精密,勤業眾信聯合會計師事務所,江佳玲,邱慧吟,2010/04/19,"????????????????????""標準式無保留核閱報告 """
345,345,2461,光群雷射,勤業眾信聯合會計師事務所,洪國田,邱明玉,2010/04/16,"??????????????""保留式核閱報告--依被投資公司未經會計師查核報告認列投資損益"""
346,346,2462,良得電,資誠聯合會計師事務所,周筱姿,蕭金木,2010/04/26,"??????????????""保留式核閱報告--依被投資公司未經會計師查核報告認列投資損益"""
347,347,2464,盟立,勤業眾信聯合會計師事務所,葉東煇,黃裕峰,2010/04/20,"??????????????""保留式核閱報告--依被投資公司未經會計師查核報告認列投資損益"""
348,348,2465,麗臺科技,安侯建業聯合會計師事務所,羅瑞蘭,區耀軍,2010/04/15,"??????????????""保留式核閱報告--依被投資公司未經會計師查核報告認列投資損益"""
349,349,2466,冠西電,勤業眾信聯合會計師事務所,施景彬,卓明信,2010/04/26,"??????????????""保留式核閱報告--依被投資公司未經會計師查核報告認列投資損益"""
350,350,2467,志聖工業,勤 業 眾 信 聯 合 會 計 師 事 務 所,郭榮芳,龔雙雄,2010/04/26,"??????????????""保留式核閱報告--依被投資公司未經會計師查核報告認列投資損益"""
351,351,2468,華經,勤業眾信聯合會計師事務所,郭俐雯,李振銘,2010/04/22,"??????????????""保留式核閱報告--依被投資公司未經會計師查核報告認列投資損益"""
352,352,2471,資通,資誠聯合會計師事務所,王輝賢,王照明,2010/04/26,"??????????????""保留式核閱報告--依被投資公司未經會計師查核報告認列投資損益"""
353,353,2472,立隆電子,安 永 聯 合 會 計 師 事 務 所,嚴文筆,林鴻光,2010/04/29,"??????????????""保留式核閱報告--依被投資公司未經會計師查核報告認列投資損益"""
354,354,2474,可成科技,勤業眾信聯合會計師事務所,江 佳 玲,邱 慧 吟,2010/04/15,"????????????????????""修正式無保留核閱報告--採用其他會計師查核且欲區分責任、會計原則變動"""
355,355,2475,華映,安 永 聯 合 會 計 師 事 務 所,梁益彰,林秀湄,2010/04/28,"??(?????????)??(?????????)""保留(附加其他事項說明段)--欲強調某一事項、依被投資公司未經會計師查核報告認列投資損益"""
356,356,2476,鉅祥,致遠聯合會計師事務所,侯委晉,黃士哲,2010/04/20,"??????????????""保留式核閱報告--依被投資公司未經會計師查核報告認列投資損益"""
357,357,2477,美隆電,大中國際聯合會計師事務所,林月霞,李聰明,2010/04/20,"??????????????""保留式核閱報告--依被投資公司未經會計師查核報告認列投資損益"""
358,358,2478,大毅,安 侯 建 業 聯 合 會 計 師 事 務 所,蔡松棋會計師,王清松會計師,2010/04/19,"??????????????""保留式核閱報告--依被投資公司未經會計師查核報告認列投資損益"""
359,359,2480,敦陽科技,安 永 聯 合 會 計 師 事 務 所,黃益輝 (YYY代表會計?,許新民 (YYY代表會計?,2010/04/16,"??????????????""保留式核閱報告--依被投資公司未經會計師查核報告認列投資損益"""
360,360,2481,強茂,安 永 聯 合 會 計 師 事 務 所,陳政初,侯榮顯,2010/04/23,"??(?????????)??(?????????)""保留(附加其他事項說明段)--會計原則變動、依被投資公司未經會計師查核報告認列投資損益"""
361,361,2482,連宇,安侯建業聯合會計師事務所,施威銘,陳雅琳,2010/04/23,"??????????????""保留式核閱報告--依被投資公司未經會計師查核報告認列投資損益"""
362,362,2483,百容,敬 業 聯 合 會 計 師 事 務 所,王日春會計師,黃智敏會計師,2010/04/20,"??????????????""保留式核閱報告--依被投資公司未經會計師查核報告認列投資損益"""
363,363,2484,希華,安永聯合會計師事務所,林鴻光,嚴文筆,2010/04/14,"??????????????""保留式核閱報告--依被投資公司未經會計師查核報告認列投資損益"""
364,364,2485,兆赫電子,資誠聯合會計師事務所,陳美姿,蕭金木,2010/04/29,"??????????????""保留式核閱報告--依被投資公司未經會計師查核報告認列投資損益"""
365,365,2486,一詮精密,資誠聯合會計師事務所,周筱姿,支秉鈞,2010/04/23,"??????????????""保留式核閱報告--依被投資公司未經會計師查核報告認列投資損益"""
366,366,2488,漢平,建興聯合會計師事務所,蘇炳章,黃鈴雯,2010/04/15,"??????????????""保留式核閱報告--依被投資公司未經會計師查核報告認列投資損益"""
367,367,2489,瑞軒,資誠聯合會計師事務所,吳漢期,潘慧玲,2010/04/28,"??????????????""保留式核閱報告--依被投資公司未經會計師查核報告認列投資損益"""
368,368,2491,吉祥全,資 信 聯 合 會 計 師 事 務 所,胡明松,蕭明芳,2010/04/29,"??(?????????)??(?????????)""保留(附加其他事項說明段)--繼續經營假設有疑慮、依被投資公司未經會計師查核報告認列投資損益"""
369,369,2492,華新科,勤業眾信會計師事務所,余  鴻  賓,洪  國  田,2010/04/19,"????????????????????""標準式無保留核閱報告 """
370,370,2493,揚博科技,資誠聯合會計師事務所,周筱姿,蕭金木,2010/04/28,"????????????????????""標準式無保留核閱報告 """
371,371,2495,普安,安侯建業聯合會計師事務所,江忠儀,林琬琬,2010/04/23,"??????????????""保留式核閱報告--依被投資公司未經會計師查核報告認列投資損益"""
372,372,2496,卓越成功,資誠聯合會計師事務所,林玉寬,劉銀妃,2010/04/29,"????????????????????""標準式無保留核閱報告 """
373,373,2497,怡利電子,安永聯合會計師事務所,涂清淵,林鴻光,2010/04/14,"??????????????""保留式核閱報告--依被投資公司未經會計師查核報告認列投資損益"""
374,374,2498,宏達電,勤業眾信會計師事務所,楊民賢,王自軍,2010/04/20,"????????????????????""標準式無保留核閱報告 """
375,375,2499,東貝光電,勤 業 眾 信 聯合會 計 師 事 務 所,李振銘,郭俐雯,2010/04/27,"??????????????""保留式核閱報告--依被投資公司未經會計師查核報告認列投資損益"""
376,376,2501,國建,安永聯合會計師事務所,徐榮煌,傅文芳,2010/04/15,"????????????????????""標準式無保留核閱報告 """
377,377,2504,國產,安永聯合會計師事務所,王彥鈞,曾祥裕,2010/04/23,"??????????????""保留式核閱報告--依被投資公司未經會計師查核報告認列投資損益"""
378,378,2505,國揚實業,資信聯合會計師事務所,陳榮華,胡明松,2010/04/23,"????????????????????""修正式無保留核閱報告--採用其他會計師查核且欲區分責任"""
379,379,2506,太設,安侯建業聯合會計師事務所,陳嘉修,曾國禓,2010/04/24,"??(?????????)??(?????????)""保留(附加其他事項說明段)--繼續經營假設有疑慮、依被投資公司未經會計師查核報告認列投資損益"""
380,380,2509,全坤建,安侯建業聯合會計師事務所,賴麗真,曾國禓,2010/04/17,"????????????????????""標準式無保留核閱報告 """
381,381,2511,太子,資誠聯合會計師事務所,林億彰,王國華,2010/04/29,"??????????????""保留式核閱報告--依被投資公司未經會計師查核報告認列投資損益、其他"""
382,382,2514,龍邦國際,安侯建業聯合會計師事務所,陳君滿,郭士華,2011/12/28,"??(?????????)??(?????????)""保留(附加其他事項說明段)--欲強調某一事項、依被投資公司未經會計師查核報告認列投資損益"""
383,383,2515,中工,勤 業 眾 信  聯 合 會 計 師 事 務 所,李東峰,劉水恩,2010/04/23,"??????????????""保留式核閱報告--依被投資公司未經會計師查核報告認列投資損益"""
384,384,2516,新建,安侯建業聯合會計師事務所,簡蒂暖,賴麗真,2010/04/09,"??????????????""保留式核閱報告--依被投資公司未經會計師查核報告認列投資損益"""
385,385,2520,冠德,安侯建業聯合會計師事務所,簡蒂暖,曾國禓,2010/04/16,"??????????????""保留式核閱報告--依被投資公司未經會計師查核報告認列投資損益"""
386,386,2524,京城,調和聯合會計師事務所,卓傳陣,莊淑媛,2010/04/21,"????????????????????""標準式無保留核閱報告 """
387,387,2527,宏璟,勤業眾信聯合會計師事務所,楊明哲,張日炎,2010/04/16,"??????????????""保留式核閱報告--依被投資公司未經會計師查核報告認列投資損益"""
388,388,2528,皇普建設,建鴻聯合會計師事務所,楊矗烽,辜錦章,2010/04/09,"??????????????""保留式核閱報告--依被投資公司未經會計師查核報告認列投資損益"""
389,389,2530,華建,調 和 聯 合 會 計 師 事 務 所,郭 思 琪,吳 昆 益,2010/04/12,"??????????????""保留式核閱報告--依被投資公司未經會計師查核報告認列投資損益"""
390,390,2534,宏盛,惠眾聯合會計師事務所,盧聯生,項文婷,2010/04/23,"??????????????""保留式核閱報告--依被投資公司未經會計師查核報告認列投資損益"""
391,391,2535,達工,勤業眾信聯合會計師事務所,林安惠會計師(YYY代表,陳清祥會計師 (YYY代?,2010/04/23,"??????????????""保留式核閱報告--依被投資公司未經會計師查核報告認列投資損益"""
392,392,2536,宏普建設,安侯建業聯合會計師事務所,王清松,方燕玲,2010/04/20,"????????????????????""標準式無保留核閱報告 """
393,393,2537,聯上開發,安 侯 建 業 聯 合 會 計 師 事 務 所,曾國禓,張淑瑩,2010/04/12,"????????????????????""標準式無保留核閱報告 """
394,394,2538,基泰建設,安永聯合會計師事務所,侯榮顯,鄭戊水,2010/04/20,"??????????????""保留式核閱報告--依被投資公司未經會計師查核報告認列投資損益"""
395,395,2539,櫻花建設,立本台灣聯合會計師事務所,顏榮裕,柯俊輝,2010/04/13,"????????????????????""標準式無保留核閱報告 """
396,396,2540,愛山林,霈 昇 聯 合 會 計 師 事 務 所,吳 瑞 卿,林 育 雅,2010/04/23,"??(?????????)??(?????????)""保留(附加其他事項說明段)--繼續經營假設有疑慮、依被投資公司未經會計師查核報告認列投資損益"""
397,397,2542,興富發,安侯建業聯合會計師事務所,簡蒂暖,賴麗真,2010/04/14,"??????????????""保留式核閱報告--依被投資公司未經會計師查核報告認列投資損益"""
398,398,2543,皇昌營造,霈昇聯合會計師事務所,林憲章,吳瑞卿,2010/04/23,"??????????????""保留式核閱報告--依被投資公司未經會計師查核報告認列投資損益"""
399,399,2545,皇翔,安侯建業會計師事務所,簡蒂暖,賴麗真,2010/04/12,"??????????????""保留式核閱報告--依被投資公司未經會計師查核報告認列投資損益"""
400,400,2546,根基,安 侯 建 業 聯 合 會 計 師 事 務 所,簡蒂暖,曾國禓,2010/04/16,"??????????????""保留式核閱報告--依被投資公司未經會計師查核報告認列投資損益"""
401,401,2547,日勝,南 台 聯 合 會 計 師 事 務 所,丁澤祥,張蔚誠,2010/04/15,"??????????????""保留式核閱報告--依被投資公司未經會計師查核報告認列投資損益"""
402,402,2548,華固建設,資誠聯合會計師事務所,陳美姿,周筱姿,2010/04/24,"??????????????""保留式核閱報告--依被投資公司未經會計師查核報告認列投資損益"""
403,403,2597,潤弘精密,資誠聯合會計師事務所,蔡金拋,林鈞堯,2010/04/28,"??????????????""保留式核閱報告--依被投資公司未經會計師查核報告認列投資損益"""
404,404,2601,益航,安侯建業聯合會計師事務所,張淑瑩,馬國柱,2010/04/27,"??????????????""保留式核閱報告--依被投資公司未經會計師查核報告認列投資損益"""
405,405,2603,長榮海運,資 誠 聯 合 會 計 師 事 務 所,周育正,李秀玲,2010/04/30,"??????????????""保留式核閱報告--依被投資公司未經會計師查核報告認列投資損益"""
406,406,2605,新興,資誠聯合會計師事務所,王輝賢,翁世榮,2010/04/28,"????????????????????""標準式無保留核閱報告 """
407,407,2606,裕民,勤業眾信聯合會計師事務所,范有偉,李振銘,2010/04/19,"??????????????""保留式核閱報告--依被投資公司未經會計師查核報告認列投資損益"""
408,408,2607,榮運,資誠聯合會計師事務所,周育正,李秀玲,2010/04/27,"??????????????""保留式核閱報告--依被投資公司未經會計師查核報告認列投資損益"""
409,409,2608,嘉里大榮,勤業眾信聯合會計師事務所,呂惠民,曾棟鋆,2010/04/21,"??????????????""保留式核閱報告--依被投資公司未經會計師查核報告認列投資損益"""
410,410,2609,陽明海運,勤 業 眾 信 聯 合 會 計 師 事 務 所,洪玉美,林安惠,2010/04/26,"??????????????""保留式核閱報告--依被投資公司未經會計師查核報告認列投資損益"""
411,411,2610,華航,勤 業 眾 信 聯 合 會 計 師 事 務 所,黃瑞展,張日炎,2010/04/23,"??????????????""保留式核閱報告--依被投資公司未經會計師查核報告認列投資損益"""
412,412,2611,志信,勤業眾信聯合會計師事務所,劉水恩,施景彬,2010/04/21,"??????????????""保留式核閱報告--依被投資公司未經會計師查核報告認列投資損益"""
413,413,2612,中航,安侯建業聯合會計師事務所,魏忠華,王怡文,2010/04/20,"??????????????""保留式核閱報告--依被投資公司未經會計師查核報告認列投資損益"""
414,414,2613,中櫃,資誠聯合會計師事務所,蕭金木,吳漢期,2010/04/22,"??(?????????)??(?????????)""保留(附加其他事項說明段)--欲強調某一事項、依被投資公司未經會計師查核報告認列投資損益"""
415,415,2614,東森,資信聯合會計師事務所,蕭明芳,胡明松,2010/04/28,"??????????????""保留式核閱報告--依被投資公司未經會計師查核報告認列投資損益"""
416,416,2615,萬海,安侯建業會計師事務所,呂莉莉,陳富煒,2010/04/23,"????????????????????""修正式無保留核閱報告--採用其他會計師查核且欲區分責任"""
417,417,2616,山隆通運,安侯建業聯合會計師事務所,羅瑞蘭,區耀軍,2010/04/22,"??????????????""保留式核閱報告--依被投資公司未經會計師查核報告認列投資損益"""
418,418,2617,台航,勤業眾信聯合會計師事務所,邵志明,許秀明,2010/04/16,"??????????????""保留式核閱報告--依被投資公司未經會計師查核報告認列投資損益"""
419,419,2618,長榮航空,安 侯 建 業 聯 合 會 計 師 事 務 所,陳雅琳,張嘉信,2010/04/16,"??????????????""保留式核閱報告--依被投資公司未經會計師查核報告認列投資損益"""
420,420,2701,萬企,勤業眾信聯合會計師事務所,陳麗琦,張日炎,2010/04/16,"????????????????????""標準式無保留核閱報告 """
421,421,2702,華園,資誠聯合會計師事務所,吳漢期,洪麗蓉,2010/04/28,"????????????????????""標準式無保留核閱報告 """
422,422,2704,國賓,安永聯合會計師事務所,侯榮顯,鄭戊水,2010/04/16,"??????????????""保留式核閱報告--依被投資公司未經會計師查核報告認列投資損益"""
423,423,2705,六福,安侯建業會計師事務所,寇惠植,吳秋華,2010/04/28,"??????????????""保留式核閱報告--依被投資公司未經會計師查核報告認列投資損益"""
424,424,2706,第一店,勤業眾信聯合會計師事務所,陳麗琦,張日炎,2010/04/16,"????????????????????""標準式無保留核閱報告 """
425,425,2707,晶華酒店,資誠聯合會計師事務所,王照明,林鈞堯,2010/04/28,"??????????????""保留式核閱報告--依被投資公司未經會計師查核報告認列投資損益"""
426,426,2801,彰化銀行,勤業眾信聯合會計師事務所,蔡宏祥,翁榮隨,2010/04/20,"????????????????????""標準式無保留核閱報告 """
427,427,2809,京城銀行,安永聯合會計師事務所,黃世杰,戴興鉦,2010/04/23,"????????????????????""標準式無保留核閱報告 """
428,428,2812,台中銀行,勤業眾信聯合會計師事務所,徐文亞,王自軍,2010/04/22,"????????????????????""修正式無保留核閱報告--採用其他會計師查核且欲區分責任"""
429,429,2816,旺旺保險,安侯建業聯合會計師事務所,鍾丹丹,陳富煒,2010/04/28,"????????????????????""標準式無保留核閱報告 """
430,430,2820,華票,勤業眾信聯合會計師事務所,楊明哲,陳麗琦,2010/04/14,"????????????????????""標準式無保留核閱報告 """
431,431,2823,中壽,安永聯合會計師事務所,黃建澤,傅文芳,2010/04/23,"????????????????????""標準式無保留核閱報告 """
432,432,2832,台產,勤業眾信聯合會計師事務所,陳杰忠,林秀戀,2010/04/22,"??????????????""保留式核閱報告--依被投資公司未經會計師查核報告認列投資損益"""
433,433,2834,臺灣企銀,安侯建業聯合會計師事務所,鍾丹丹,方燕玲,2010/04/23,"??????????????""保留式核閱報告--依被投資公司未經會計師查核報告認列投資損益"""
434,434,2836,高銀,建興聯合會計師事務所,謝仁耀,黃鈴雯,2010/04/20,"??????????????""保留式核閱報告--依被投資公司未經會計師查核報告認列投資損益"""
435,435,2838,聯邦銀行,勤業眾信聯合會計師事務所,黃瑞展,張日炎,2010/04/21,"??????????????""保留式核閱報告--其他"""
436,436,2841,台灣土地,資誠聯合會計師事務所,王照明,周育正,2010/04/29,"????????????????????""修正式無保留核閱報告--會計原則變動、欲強調某一事項"""
437,437,2845,遠東商銀,勤業眾信聯合會計師事務所,黃秀椿,張日炎,2010/04/21,"????????????????????""標準式無保留核閱報告 """
438,438,2849,安泰銀行,安侯建業聯合會計師事務所,陳富煒會計師,鍾丹丹會計師,2010/04/27,"????????????????????""修正式無保留核閱報告--採用其他會計師查核且欲區分責任"""
439,439,2850,新產,安永會計師事務所,傅文芳,黃建澤,2010/04/27,"????????????????????""標準式無保留核閱報告 """
440,440,2851,中再保,資誠聯合會計師事務所,陳賢儀,李秀玲,2010/04/29,"????????????????????""標準式無保留核閱報告 """
441,441,2852,第一保,勤 業 眾 信 聯 合 會 計 師 事 務 所,林谷同,陳杰忠,2010/04/16,"????????????????????""標準式無保留核閱報告 """
442,442,2855,統一證券,資誠聯合會計師事務所,林瑟凱,張明輝,2010/04/26,"??????????????""保留式核閱報告--依被投資公司未經會計師查核報告認列投資損益"""
443,443,2856,元富證券,安永聯合會計師事務所,徐榮煌,傅文芳,2010/04/19,"??????????????""保留式核閱報告--依被投資公司未經會計師查核報告認列投資損益"""
444,444,2901,欣欣大眾,正風聯合會計師事務所,丁鴻勛會計師,曾國富會計師,2010/04/19,"????????????????????""標準式無保留核閱報告 """
445,445,2903,遠百,勤 業 眾 信 聯 合 會 計 師 事 務 所,余鴻賓,施景彬,2010/04/16,"??(?????????)??(?????????)""保留(附加其他事項說明段)--欲強調某一事項、依被投資公司未經會計師查核報告認列投資損益"""
446,446,2904,匯僑,資誠聯合會計師事務所,潘慧玲,馮敏娟,2010/04/23,"??????????????""保留式核閱報告--依被投資公司未經會計師查核報告認列投資損益"""
447,447,2905,三商,立 本 台 灣 聯 合 會 計 師 事 務 所,劉克宜,張書成,2010/04/23,"??????????????""保留式核閱報告--依被投資公司未經會計師查核報告認列投資損益"""
448,448,2906,高林實,安侯建業 聯 合 會 計 師 事 務 所,林秀玉會計師,王明志會計師,2010/04/26,"??????????????""保留式核閱報告--依被投資公司未經會計師查核報告認列投資損益"""
449,449,2908,特力,勤業眾信聯合會計師事務所,余鴻賓,盧啟昌,2010/04/26,"??????????????""保留式核閱報告--依被投資公司未經會計師查核報告認列投資損益"""
450,450,2910,統領,勤業眾信聯合會計師事務所,黃秀椿,王小蕙,2010/04/21,"????????????????????""標準式無保留核閱報告 """
451,451,2911,麗嬰房,勤業眾信聯合會計師事務所,施景彬,卓明信,2010/04/16,"??????????????""保留式核閱報告--依被投資公司未經會計師查核報告認列投資損益"""
452,452,2912,統一超,資誠聯合會計師事務所,陳美姿,蔡金拋,2010/04/26,"??????????????""保留式核閱報告--依被投資公司未經會計師查核報告認列投資損益"""
453,453,2913,台灣農林,鼎信聯合會計師事務所,林松樹,吳孟達,2010/04/22,"??????????????""保留式核閱報告--依被投資公司未經會計師查核報告認列投資損益"""
454,454,2915,潤泰全球,勤業眾信聯合會計師事務所,林文欽,郭俐雯,2010/04/26,"??????????????""保留式核閱報告--依被投資公司未經會計師查核報告認列投資損益"""
455,455,3002,歐格電子,勤業眾信會計師事務所,吳恩銘,謝建新,2010/04/19,"??(?????????)??(?????????)""保留(附加其他事項說明段)--欲強調某一事項、依被投資公司未經會計師查核報告認列投資損益、其他"""
456,456,3003,健和興,安永聯合會計師事務所,涂清淵,嚴文筆,2010/04/15,"??????????????""保留式核閱報告--依被投資公司未經會計師查核報告認列投資損益"""
457,457,3004,豐達科技,資 誠 聯 合 會 計 師 事 務 所,薛守宏 (YYY代表會計?,李燕娜 (YYY代表會計?,2010/04/21,"????????????????????""修正式無保留核閱報告--繼續經營假設有疑慮、欲強調某一事項"""
458,458,3005,神基科技,資誠聯合會計師事務所,劉銀妃,林玉寬,2010/04/28,"??????????????""保留式核閱報告--依被投資公司未經會計師查核報告認列投資損益"""
459,459,3006,晶豪科技,資誠聯合會計師事務所,鄭雅慧,林玉寬,2010/04/27,"??????????????""保留式核閱報告--依被投資公司未經會計師查核報告認列投資損益"""
460,460,3008,大立光,安 侯 建 業 聯 合 會 計 師 事 務 所,陳君滿,郭士華,2010/04/20,"??????????????""保留式核閱報告--依被投資公司未經會計師查核報告認列投資損益"""
461,461,3010,華立,勤業眾信聯合會計師事務所,吳秋燕,龔俊吉,2010/04/23,"??(?????????)??(?????????)""保留(附加其他事項說明段)--採用其他會計師查核且欲區分責任、依被投資公司未經會計師查核報告認列投資損益"""
462,462,3011,今皓,勤業眾信聯合會計師事務所,張敬人,楊靜婷,2010/04/19,"??????????????""保留式核閱報告--依被投資公司未經會計師查核報告認列投資損益"""
463,463,3013,晟銘電子,安侯建業聯合會計師事務所,王怡文,顏幸福,2010/04/21,"??????????????""保留式核閱報告--依被投資公司未經會計師查核報告認列投資損益"""
464,464,3014,聯陽,安永聯合會計師事務所,許新民,黃益輝,2010/04/15,"??????????????""保留式核閱報告--依被投資公司未經會計師查核報告認列投資損益"""
465,465,3015,全漢,安侯建業聯合會計師事務所,關春修,黃柏淑,2010/04/15,"??????????????""保留式核閱報告--依被投資公司未經會計師查核報告認列投資損益"""
466,466,3016,嘉晶,資 誠 聯 合 會 計 師 事 務 所,曾國華,劉銀妃,2010/04/28,"??????????????""保留式核閱報告--依被投資公司未經會計師查核報告認列投資損益"""
467,467,3017,奇鋐科技,安永聯合會計師事務所,陳政初,侯榮顯,2010/04/26,"??????????????""保留式核閱報告--依被投資公司未經會計師查核報告認列投資損益"""
468,468,3018,同開科技,安永會計師事務所,林麗凰,侯榮顯,2010/04/23,"??????????????""保留式核閱報告--依被投資公司未經會計師查核報告認列投資損益"""
469,469,3019,亞洲光學,勤業眾信聯合會計師事務所,呂惠民,成德潤,2010/04/16,"??????????????""保留式核閱報告--依被投資公司未經會計師查核報告認列投資損益"""
470,470,3021,鴻名企業,弘 基 聯 合 會 計 師 事 務 所,張仕奇,莊俊華,2010/04/20,"??????????????""保留式核閱報告--依被投資公司未經會計師查核報告認列投資損益"""
471,471,3022,威強電,勤業眾信聯合會計師事務所,林淑婉,郭政弘,2010/04/22,"??????????????""保留式核閱報告--依被投資公司未經會計師查核報告認列投資損益"""
472,472,3023,信邦電子,安永聯合會計師事務所,林鴻光,(二余)清淵,2010/04/20,"??????????????""保留式核閱報告--依被投資公司未經會計師查核報告認列投資損益"""
473,473,3024,憶聲電子,資誠聯合會計師事務所,吳漢期,支秉鈞,2010/04/28,"??????????????""保留式核閱報告--依被投資公司未經會計師查核報告認列投資損益"""
474,474,3025,星通,勤業眾信聯合會計師事務所,黃裕峰,林鴻鵬,2010/04/16,"??????????????""保留式核閱報告--依被投資公司未經會計師查核報告認列投資損益、其他"""
475,475,3026,禾伸堂,安 侯 建 業 聯 合 會 計 師 事 務 所,王清松,張嘉信,2010/04/16,"??????????????""保留式核閱報告--依被投資公司未經會計師查核報告認列投資損益"""
476,476,3027,盛達電業,勤業眾信聯合會計師事務所,黃海悅,林谷同,2010/04/26,"??(?????????)??(?????????)""保留(附加其他事項說明段)--欲強調某一事項、依被投資公司未經會計師查核報告認列投資損益"""
477,477,3028,增你強,資誠聯合會計師事務所,杜佩玲,蔡金拋,2010/04/27,"??????????????""保留式核閱報告--依被投資公司未經會計師查核報告認列投資損益"""
478,478,3029,零壹科技,勤業眾信聯合會計師事務所,林文欽,李振銘,2010/04/19,"????????????????????""標準式無保留核閱報告 """
479,479,3030,德律科技,資 誠 聯 合 會 計 師 事 務 所,潘慧玲,支秉鈞,2010/04/21,"??????????????""保留式核閱報告--依被投資公司未經會計師查核報告認列投資損益"""
480,480,3031,佰鴻工業,安 侯 建 業 聯 合 會 計 師 事 務 所,顏幸福,羅瑞蘭,2010/04/21,"??????????????""保留式核閱報告--依被投資公司未經會計師查核報告認列投資損益"""
481,481,3032,偉訓科技,勤業眾信聯 合 會 計 師 事 務 所,黃李松,龔俊吉,2010/04/20,"??????????????""保留式核閱報告--依被投資公司未經會計師查核報告認列投資損益"""
482,482,3033,威健,安侯建業會計師事務所,顏幸福,區耀軍,2010/04/19,"??????????????""保留式核閱報告--依被投資公司未經會計師查核報告認列投資損益"""
483,483,3034,聯詠,安永聯合會計師事務所,黃益輝,許新民,2010/04/16,"??????????????""保留式核閱報告--依被投資公司未經會計師查核報告認列投資損益"""
484,484,3035,智原,安永聯合會計師事務所,許新民,黃益輝,2010/04/09,"??????????????""保留式核閱報告--依被投資公司未經會計師查核報告認列投資損益"""
485,485,3036,文曄科技,資誠聯合會計師事務所,蕭春鴛,吳漢期,2010/04/29,"??????????????""保留式核閱報告--依被投資公司未經會計師查核報告認列投資損益"""
486,486,3037,欣興電子,資誠聯合會計師事務所,吳漢期,蕭金木,2010/04/26,"??(?????????)??(?????????)""保留(附加其他事項說明段)--欲強調某一事項、依被投資公司未經會計師查核報告認列投資損益"""
487,487,3038,全台,安侯建業聯合會計師事務所,楊博任,許振隆,2010/04/22,"??????????????""保留式核閱報告--依被投資公司未經會計師查核報告認列投資損益"""
488,488,3040,遠見,勤業眾信聯合會計師事務所,郭俐雯,林文欽,2010/04/22,"??????????????""保留式核閱報告--依被投資公司未經會計師查核報告認列投資損益"""
489,489,3041,揚智,安永會計師事務所,許新民,郭紹彬,2010/04/20,"??????????????""保留式核閱報告--依被投資公司未經會計師查核報告認列投資損益"""
490,490,3042,晶技,勤 業 眾 信 聯 合 會 計 師 事 務 所,龔雙雄,楊清鎮,2010/04/20,"??????????????""保留式核閱報告--依被投資公司未經會計師查核報告認列投資損益"""
491,491,3043,科風,德 昌 聯 合 會 計 師 事 務 所,詹誠一 (YYY代表會計?,林兆民 (YYY代表會計?,2010/04/30,"??????????????""保留式核閱報告--依被投資公司未經會計師查核報告認列投資損益"""
492,492,3044,健鼎科技,勤 業 眾 信 聯 合 會 計 師 事 務 所,張榮銘,仲偉,2010/04/19,"??????????????""保留式核閱報告--依被投資公司未經會計師查核報告認列投資損益"""
493,493,3045,台灣大,勤 業 眾 信 聯 合 會 計 師 事 務 所,范有偉,黃樹傑,2010/04/13,"????????????????????""標準式無保留核閱報告 """
494,494,3046,建,安侯建業聯合會計師事務所,張嘉信,林秀玉,2010/04/08,"??????????????""保留式核閱報告--依被投資公司未經會計師查核報告認列投資損益"""
495,495,3047,訊舟科技,霈昇聯合會計師事務所,林憲章,林育雅,2010/04/21,"??????????????""保留式核閱報告--依被投資公司未經會計師查核報告認列投資損益"""
496,496,3048,益登,勤業眾信聯合會計師事務所,張清福,蔡振財,2010/04/23,"??????????????""保留式核閱報告--依被投資公司未經會計師查核報告認列投資損益"""
497,497,3049,和鑫,勤業眾信聯合會計師事務所,何瑞軒,許庭禎,2010/04/19,"??????????????""保留式核閱報告--依被投資公司未經會計師查核報告認列投資損益"""
498,498,3050,鈺德科技,安永聯合會計師事務所,佟韻玲會計師,鄭戊水會計師,2010/04/23,"??????????????""保留式核閱報告--依被投資公司未經會計師查核報告認列投資損益"""
499,499,3051,力特光電,正風聯合會計師事務所,吳欣亮,周銀來,2010/04/20,"??(?????????)??(?????????)""保留(附加其他事項說明段)--前期由其他會計師查核、欲強調某一事項、依被投資公司未經會計師查核報告認列投資損益"""
500,500,3052,夆典,資誠聯合會計師事務所,王輝賢,林鈞堯,2010/04/30,"??????????????""保留式核閱報告--依被投資公司未經會計師查核報告認列投資損益"""
501,501,3054,立萬利,資誠聯合會計師事務所,潘慧玲,支秉鈞,2010/04/22,"??????????????""保留式核閱報告--依被投資公司未經會計師查核報告認列投資損益"""
502,502,3055,蔚華科技,安 永 聯 合 會 計 師 事 務 所,黃益輝,許新民,2010/04/15,"??????????????""保留式核閱報告--依被投資公司未經會計師查核報告認列投資損益"""
503,503,3056,總太地產,勤 業 眾 信 聯 合 會 計 師 事 務 所,呂惠民,吳麗冬,2010/04/21,"??????????????""保留式核閱報告--依被投資公司未經會計師查核報告認列投資損益"""
504,504,3057,喬鼎資訊,勤業眾信會計師事務所,黃裕峰,黃鴻文,2010/04/21,"??????????????""保留式核閱報告--依被投資公司未經會計師查核報告認列投資損益"""
505,505,3058,立德電子,安侯建業聯合會計師事務所,呂莉莉,關春修,2010/04/26,"??????????????""保留式核閱報告--依被投資公司未經會計師查核報告認列投資損益"""
506,506,3059,華晶科技,資誠聯合會計師事務所,曾國華,王偉臣,2010/04/29,"??????????????""保留式核閱報告--依被投資公司未經會計師查核報告認列投資損益"""
507,507,3060,銘異,安侯建業聯合會計師事務所,陳振乾,魏忠華,2010/04/20,"??????????????""保留式核閱報告--依被投資公司未經會計師查核報告認列投資損益"""
508,508,3062,建漢科技,資誠聯合會計師事務所,洪慶山,徐永堅,2010/04/26,"??(?????????)??(?????????)""保留(附加其他事項說明段)--會計原則變動、依被投資公司未經會計師查核報告認列投資損益"""
509,509,3090,日電貿,勤業眾信聯合會計師事務所,吳恩銘,施景彬,2010/04/16,"??????????????""保留式核閱報告--依被投資公司未經會計師查核報告認列投資損益"""
510,510,3094,聯傑國際,資誠聯合會計師事務所,林瑟凱,蕭金木,2010/04/26,"??????????????""保留式核閱報告--依被投資公司未經會計師查核報告認列投資損益"""
511,511,3130,一零四,安侯建業聯合會計師事務所,陳雅琳會計師,黃柏淑會計師,2010/04/20,"??????????????""保留式核閱報告--依被投資公司未經會計師查核報告認列投資損益"""
512,512,3164,景岳生技,勤業眾信聯合會計師事務所,李季珍,龔俊吉,2010/04/23,"????????????????????""標準式無保留核閱報告 """
513,513,3189,景碩科技,安 永 聯 合 會 計 師 事 務 所,張志銘,洪茂益,2010/04/12,"??????????????""保留式核閱報告--依被投資公司未經會計師查核報告認列投資損益"""
514,514,3209,全科,勤業眾信聯合會計師事務所,張清福,柯志賢,2010/04/22,"??????????????""保留式核閱報告--依被投資公司未經會計師查核報告認列投資損益"""
515,515,3229,晟鈦,安侯建業聯合會計師事務所,蔡松棋,呂觀文,2010/04/19,"??????????????""保留式核閱報告--依被投資公司未經會計師查核報告認列投資損益"""
516,516,3231,緯創,安 侯 建 業 聯 合 會 計 師 事 務 所,張 嘉 信,林 秀 玉,2010/04/12,"??????????????""保留式核閱報告--依被投資公司未經會計師查核報告認列投資損益"""
517,517,3266,昇陽建設,安侯建業聯合會計師事務所,曾國禓,簡蒂暖,2010/04/21,"????????????????????""標準式無保留核閱報告 """
518,518,3296,勝德國際,安 侯 建 業 聯 合 會 計 師 事 務 所,黃 柏 淑,許 育 峰,2010/04/16,"??????????????""保留式核閱報告--依被投資公司未經會計師查核報告認列投資損益"""
519,519,3305,昇貿科技,安侯建業聯合會計師事務所,楊柳鋒,連淑凌,2010/04/21,"??????????????""保留式核閱報告--依被投資公司未經會計師查核報告認列投資損益"""
520,520,3308,聯德電子,勤業眾信會計師事務所,黃秀椿,王小蕙,2010/04/23,"??????????????""保留式核閱報告--依被投資公司未經會計師查核報告認列投資損益"""
521,521,3311,閎暉,勤業眾信聯合會計師事務所,柯志賢,陳清祥,2010/04/15,"??????????????""保留式核閱報告--依被投資公司未經會計師查核報告認列投資損益"""
522,522,3312,弘憶國際,安侯建業聯合會計師事務所,林琲@,于紀隆,2010/04/20,"??????????????""保留式核閱報告--依被投資公司未經會計師查核報告認列投資損益"""
523,523,3315,宣昶,安 侯 建 業 聯 合 會 計 師 事 務 所,林　琚@昇,于　紀　隆,2010/04/20,"??????????????""保留式核閱報告--依被投資公司未經會計師查核報告認列投資損益"""
524,524,3356,奇偶科技,資誠聯合會計師事務所,徐永堅,蕭春鴛,2010/04/23,"??????????????""保留式核閱報告--依被投資公司未經會計師查核報告認列投資損益"""
525,525,3376,新日興,勤 業 眾 信 聯 合 會 計 師 事 務 所,龔雙雄,游素環,2010/04/15,"??????????????""保留式核閱報告--依被投資公司未經會計師查核報告認列投資損益"""
526,526,3380,明泰科技,安侯建業聯合會計師事務所,曾渼鈺,游萬淵,2010/04/16,"??????????????""保留式核閱報告--依被投資公司未經會計師查核報告認列投資損益"""
527,527,3383,新世紀,資誠聯合會計師事務所,劉子猛,李明憲,2010/04/27,"??????????????""保留式核閱報告--依被投資公司未經會計師查核報告認列投資損益"""
528,528,3406,玉晶光,安永聯合會計師事務所,嚴文筆,涂清淵,2010/04/21,"??????????????""保留式核閱報告--依被投資公司未經會計師查核報告認列投資損益"""
529,529,3416,融程電訊,勤業眾信聯合會計師事務所,楊明哲,黃瑞展,2010/04/16,"????????????????????""標準式無保留核閱報告 """
530,530,3419,譁裕實業,勤業眾信聯合會計師事務所,葉東煇,林政治,2010/04/16,"??????????????""保留式核閱報告--依被投資公司未經會計師查核報告認列投資損益"""
531,531,3443,創意電子,勤業眾信聯合會計師事務所,林鴻鵬,黃樹傑,2010/04/12,"????????????????????""標準式無保留核閱報告 """
532,532,3450,聯鈞,勤 業 眾 信 聯 合 會 計 師 事 務 所,虞成全,仲偉,2010/04/19,"????????????????????""標準式無保留核閱報告 """
533,533,3454,晶睿,安 侯 建 業 聯 合 會 計 師 事 務 所,施威銘,陳雅琳,2010/04/22,"??????????????""保留式核閱報告--依被投資公司未經會計師查核報告認列投資損益"""
534,534,3474,華亞科,安 侯 建 業 聯 合 會 計 師 事 務 所,寇惠植,于紀隆,2010/04/12,"????????????????????""標準式無保留核閱報告 """
535,535,3481,群創光電,資誠聯合會計師事務所,蕭春鴛,徐永堅,2010/04/28,"??(?????????)??(?????????)""保留(附加其他事項說明段)--欲強調某一事項、依被投資公司未經會計師查核報告認列投資損益"""
536,536,3494,誠研科技,安 侯 建 業 聯 合 會 計 師 事 務 所,林  昇,王 清 松,2010/04/20,"??(?????????)??(?????????)""保留(附加其他事項說明段)--前期由其他會計師查核、依被投資公司未經會計師查核報告認列投資損益"""
537,537,3501,維熹科技,資 誠 聯 合 會 計 師 事 務 所,張明輝,葉翠苗,2010/04/27,"??????????????""保留式核閱報告--依被投資公司未經會計師查核報告認列投資損益"""
538,538,3504,揚明光學,安 永 聯 合 會 計 師 事 務 所,郭紹彬,王金來,2010/04/13,"??????????????""保留式核閱報告--依被投資公司未經會計師查核報告認列投資損益"""
539,539,3514,昱晶能源,勤業眾信聯合會計師事務所,黃海悅,林谷同,2010/04/26,"????????????????????""標準式無保留核閱報告 """
540,540,3515,華擎,安永聯合會計師事務所,楊智惠,曾祥裕,2010/04/15,"??????????????""保留式核閱報告--依被投資公司未經會計師查核報告認列投資損益"""
541,541,3518,柏騰科技,勤業眾信聯合會計師事務所,李 麗 凰,游 素 環,2010/04/19,"????????????????????""標準式無保留核閱報告 """
542,542,3519,綠能,安永聯合會計師事務所,林秀湄,梁益彰,2010/04/26,"??????????????""保留式核閱報告--依被投資公司未經會計師查核報告認列投資損益"""
543,543,3532,台勝科,勤 業 眾 信 聯 合 會 計 師 事 務 所,劉水恩,翁榮隨,2010/04/16,"????????????????????""修正式無保留核閱報告--欲強調某一事項"""
544,544,3533,嘉澤端子,安侯建業會計師事務所,鍾丹丹,周寶蓮,2010/04/23,"????????????????????""標準式無保留核閱報告 """
545,545,3535,晶彩科,安侯建業聯合會計師事務所,張字信,郭士華,2010/04/16,"??????????????""保留式核閱報告--依被投資公司未經會計師查核報告認列投資損益"""
546,546,3536,誠創科技,安永聯合會計師事務所,楊智惠,黃益輝,2010/04/09,"??????????????""保留式核閱報告--依被投資公司未經會計師查核報告認列投資損益"""
547,547,3545,敦泰,勤業眾信聯合會計師事務所,葉東煇,黃鴻文,2010/04/14,"????????????????????""標準式無保留核閱報告 """
548,548,3550,聯穎,勤業眾信聯合會計師事務所,林政治,黃鴻文,2010/04/29,"??????????????""保留式核閱報告--依被投資公司未經會計師查核報告認列投資損益"""
549,549,3557,嘉威光電,安侯建業聯合會計師事務所,陳國宗,楊博任,2010/04/16,"????????????????????""標準式無保留核閱報告 """
550,550,3559,全智科,勤 業 眾 信 聯 合 會 計 師 事 務 所,方蘇立,黃鴻文,2010/04/19,"????????????????????""標準式無保留核閱報告 """
551,551,3561,昇陽光電,安侯建業聯合會計師事務所,陳振乾,魏忠華,2010/04/19,"??????????????""保留式核閱報告--依被投資公司未經會計師查核報告認列投資損益"""
552,552,3576,新日光,勤業眾信聯合會計師事務所,黃裕峰,黃樹傑,2010/04/13,"??????????????""保留式核閱報告--依被投資公司未經會計師查核報告認列投資損益"""
553,553,3579,尚志,安 永 聯 合 會 計 師 事 務 所,林秀湄,梁益彰,2010/04/28,"??????????????""保留式核閱報告--依被投資公司未經會計師查核報告認列投資損益"""
554,554,3588,通嘉,勤業眾信聯合會計師事務所,高逸欣,林政治,2010/04/09,"????????????????????""標準式無保留核閱報告 """
555,555,3591,艾笛森,安 侯 建 業 聯 合 會 計 師 事 務 所,于紀隆,陳蓓琪,2010/04/15,"????????????????????""標準式無保留核閱報告 """
556,556,3593,力銘,勤業眾信聯合會計師事務所,李東峰,張敬人,2010/04/16,"??(?????????)??(?????????)""保留(附加其他事項說明段)--會計原則變動、依被投資公司未經會計師查核報告認列投資損益"""
557,557,3596,智易科技,安侯建業聯合會計師事務所,顏幸福,羅瑞蘭,2010/04/14,"??????????????""保留式核閱報告--依被投資公司未經會計師查核報告認列投資損益"""
558,558,3605,宏致,安 侯 建 業 聯 合 會 計 師 事 務 所,林琲@,于紀隆,2010/04/14,"??????????????""保留式核閱報告--依被投資公司未經會計師查核報告認列投資損益"""
559,559,3607,谷崧,勤業眾信聯合會計師事務所,游素環,陳慧銘,2010/04/26,"??????????????""保留式核閱報告--依被投資公司未經會計師查核報告認列投資損益"""
560,560,3617,碩天科技,勤業眾信 聯 合 會 計 師 事 務 所,王錦燕,楊民賢,2010/04/16,"??????????????""保留式核閱報告--依被投資公司未經會計師查核報告認列投資損益"""
561,561,3622,洋華,勤 業 眾 信 聯 合 會 計 師 事 務 所,楊清鎮,翁榮隨,2010/04/20,"??????????????""保留式核閱報告--依被投資公司未經會計師查核報告認列投資損益"""
562,562,3653,健策,勤業眾信聯合會計師事務所,張敬人,李東峰,2010/04/19,"??????????????""保留式核閱報告--依被投資公司未經會計師查核報告認列投資損益"""
563,563,3669,圓展,安侯建業聯合會計師事務所,呂觀文,李慈慧,2010/04/14,"??????????????""保留式核閱報告--依被投資公司未經會計師查核報告認列投資損益"""
564,564,3686,達能,資誠聯合會計師事務所,賴宗羲,林鈞堯,2010/04/27,"????????????????????""修正式無保留核閱報告--欲強調某一事項"""
565,565,3701,大眾投控,勤業眾信聯合會計師事務所,徐文亞,王自軍,2010/04/29,"??????????????""保留式核閱報告--依被投資公司未經會計師查核報告認列投資損益"""
566,566,3702,大聯大,資誠聯合會計師事務所,葉冠妏,高文宏,2010/04/26,"??????????????""保留式核閱報告--依被投資公司未經會計師查核報告認列投資損益"""
567,567,4104,佳醫,勤業眾信聯合會計師事務所,何瑞軒,郭榮芳,2010/04/20,"??????????????""保留式核閱報告--依被投資公司未經會計師查核報告認列投資損益"""
568,568,4106,雃博,勤業眾信聯合會計師事務所,王自軍,徐文亞,2010/04/23,"??????????????""保留式核閱報告--依被投資公司未經會計師查核報告認列投資損益"""
569,569,4108,懷特,廣信益群會計師事務所,陳永琳,郭錦蓉,2010/04/21,"??????????????""保留式核閱報告--依被投資公司未經會計師查核報告認列投資損益"""
570,570,4119,旭富製藥,立本台灣聯合會計師事務所,張書成,許坤錫,2010/04/17,"??????????????""保留式核閱報告--依被投資公司未經會計師查核報告認列投資損益"""
571,571,4133,亞諾法,資誠聯合會計師事務所,潘慧玲,葉冠妏,2010/04/28,"????????????????????""修正式無保留核閱報告--欲強調某一事項"""
572,572,4306,炎洲,資誠聯合會計師事務所,林鈞堯,王照明,2010/04/27,"??????????????""保留式核閱報告--依被投資公司未經會計師查核報告認列投資損益"""
573,573,4414,如興,德昌聯合會計師事務所,詹誠一,賴昭宏,2010/04/17,"??????????????""保留式核閱報告--依被投資公司未經會計師查核報告認列投資損益"""
574,574,4426,利勤實業,安 侯 建 業 聯 合 會 計 師 事 務 所,郭士華,于紀隆,2010/04/23,"????????????????????""標準式無保留核閱報告 """
575,575,4526,東台,冠恆聯合會計師事務所,張進德,賴信忠,2010/04/22,"??????????????""保留式核閱報告--依被投資公司未經會計師查核報告認列投資損益"""
576,576,4532,瑞智精密,勤 業 眾 信 聯 合 會 計 師 事 務 所,蔡振財,柯志賢,2010/04/16,"??????????????""保留式核閱報告--依被投資公司未經會計師查核報告認列投資損益"""
577,577,4720,德淵企業,安永聯合會計師事務所,林麗凰,楊智惠,2010/04/23,"??????????????""保留式核閱報告--依被投資公司未經會計師查核報告認列投資損益"""
578,578,4722,國精化學,勤業眾信聯合會計師事務所,江佳玲,龔俊吉,2010/04/15,"????????????????????""標準式無保留核閱報告 """
579,579,4725,信昌化,勤業眾信聯合會計師事務所,陳杰忠,邵志明,2010/04/20,"????????????????????""標準式無保留核閱報告 """
580,580,4904,遠傳,勤業眾信聯合會計師事務所,林安惠,張清福,2010/04/19,"??????????????""保留式核閱報告--依被投資公司未經會計師查核報告認列投資損益"""
581,581,4906,正文,勤業眾信聯合會計師事務所,楊靜婷,翁榮隨,2010/04/26,"??????????????""保留式核閱報告--依被投資公司未經會計師查核報告認列投資損益"""
582,582,4930,燦星網通,資誠聯合會計師事務所,蔡金拋,林鈞堯,2010/04/26,"??(?????????)??(?????????)""保留(附加其他事項說明段)--欲強調某一事項、依被投資公司未經會計師查核報告認列投資損益"""
583,583,4934,太極能源,勤業眾信聯合會計師事務所,陳慧銘,李麗凰,2010/04/22,"????????????????????""標準式無保留核閱報告 """
584,584,4938,和碩,安 候 建 業 聯 合 會 計 師 事 務 所,林琬琬,馬國柱,2010/04/20,"??????????????""保留式核閱報告--依被投資公司未經會計師查核報告認列投資損益"""
585,585,5007,三星科技,安永聯合會計師事務所,侯榮顯,陳政初,2010/04/21,"??????????????""保留式核閱報告--依被投資公司未經會計師查核報告認列投資損益"""
586,586,5203,訊連,資誠聯合會計師事務所,蔡金拋,林鈞堯,2010/04/26,"??????????????""保留式核閱報告--依被投資公司未經會計師查核報告認列投資損益"""
587,587,5305,敦南科技,勤業眾信聯合會計師事務所,張清福,蔡振財,2010/04/15,"??????????????""保留式核閱報告--依被投資公司未經會計師查核報告認列投資損益"""
588,588,5388,中磊電子,安 永 會 計 師 事 務 所,梁益彰 (YYY代表會計?,王金來 (YYY代表會計?,2010/04/26,"??????????????""保留式核閱報告--依被投資公司未經會計師查核報告認列投資損益"""
589,589,5434,崇越科技,安侯建業聯合會計師事務所,區耀軍,羅瑞蘭,2010/04/20,"??????????????""保留式核閱報告--依被投資公司未經會計師查核報告認列投資損益"""
590,590,5469,瀚宇博德,勤業眾信聯合會計師事務所,余鴻賓,邱明玉,2010/04/19,"????????????????????""標準式無保留核閱報告 """
591,591,5471,松翰科技,勤業眾信聯合會計師事務所,李東峰,劉水恩,2010/04/19,"??????????????""保留式核閱報告--依被投資公司未經會計師查核報告認列投資損益"""
592,592,5484,慧友電子,勤 業 眾 信 聯 合 會 計 師 事 務 所,邱明玉,盧啟昌,2010/04/17,"??????????????""保留式核閱報告--依被投資公司未經會計師查核報告認列投資損益"""
593,593,5515,建國工程,資誠聯合會計師事務所,林鈞堯,王照明,2010/04/28,"??????????????""保留式核閱報告--依被投資公司未經會計師查核報告認列投資損益"""
594,594,5519,隆大營建,安永聯合會計師事務所,侯榮顯,陳政初,2010/04/16,"??????????????""保留式核閱報告--依被投資公司未經會計師查核報告認列投資損益"""
595,595,5521,工信,資誠聯合會計師事務所,周筱姿,林瑟凱,2010/04/29,"??(?????????)??(?????????)""保留(附加其他事項說明段)--欲強調某一事項、依被投資公司未經會計師查核報告認列投資損益"""
596,596,5522,遠雄建設,資誠聯合會計師事務所,林鈞堯,翁世榮,2010/04/28,"????????????????????""標準式無保留核閱報告 """
597,597,5525,順天建設,建智聯合會計師事務所,紀敏滄,陳靜宜,2010/04/19,"??????????????""保留式核閱報告--依被投資公司未經會計師查核報告認列投資損益"""
598,598,5531,鄉林建設,敬業聯合會計師事務所,王日春,黃智敏,2010/04/23,"??????????????""保留式核閱報告--依被投資公司未經會計師查核報告認列投資損益"""
599,599,5533,皇鼎建設,勤 業 眾 信 聯 合 會 計 師 事 務 所,李麗凰 (YYY代表會計?,賴國旺 (YYY代表會計?,2010/04/20,"??????????????""保留式核閱報告--依被投資公司未經會計師查核報告認列投資損益"""
600,600,5534,長虹,振興聯合會計師事務所,李榮昇,李熙普,2010/04/14,"??????????????""保留式核閱報告--依被投資公司未經會計師查核報告認列投資損益"""
601,601,5607,遠雄港,資誠聯合會計師事務所,支秉均,吳漢期,2010/04/26,"????????????????????""標準式無保留核閱報告 """
602,602,5608,四維航業,勤業眾信聯合會計師事務所,林淑婉,郭政弘,2010/04/22,"??????????????""保留式核閱報告--依被投資公司未經會計師查核報告認列投資損益"""
603,603,5706,鳳凰旅遊,勤業眾信聯合會計師事務所,楊靜婷,翁榮隨,2011/08/10,"??(?????????)??(?????????)""保留(附加其他事項說明段)--欲強調某一事項、依被投資公司未經會計師查核報告認列投資損益"""
604,604,6005,群益證,安侯建業聯合會計師事務所,鍾丹丹,陳富煒,2010/04/22,"??????????????""保留式核閱報告--依被投資公司未經會計師查核報告認列投資損益"""
605,605,6108,競國實業,安侯建業聯合會計師事務所,關春修,呂莉莉,2010/04/23,"????????????????????""標準式無保留核閱報告 """
606,606,6112,聚碩,安 侯 建 業 聯 合 會 計 師 事 務 所,吳美萍,陳振乾,2010/04/15,"??????????????""保留式核閱報告--依被投資公司未經會計師查核報告認列投資損益"""
607,607,6115,鎰勝,安永聯合會計師事務所,蕭翠慧,徐榮煌,2010/04/26,"??????????????""保留式核閱報告--依被投資公司未經會計師查核報告認列投資損益"""
608,608,6116,彩晶,勤業眾信聯合會計師事務所,何瑞軒,郭榮芳,2010/04/23,"??????????????""保留式核閱報告--依被投資公司未經會計師查核報告認列投資損益"""
609,609,6117,迎廣科技,安永聯合會計師事務所,蕭翠慧,楊智惠,2010/04/16,"??(?????????)??(?????????)""保留(附加其他事項說明段)--欲強調某一事項、依被投資公司未經會計師查核報告認列投資損益"""
610,610,6120,達運,安 侯 建 業 聯 合 會 計 師 事 務 所,陳君滿,郭士華,2010/04/15,"??????????????""保留式核閱報告--依被投資公司未經會計師查核報告認列投資損益"""
611,611,6128,上福全球,安 永 聯 合 會 計 師 事 務 所,涂清淵,林鴻光,2010/04/19,"??????????????""保留式核閱報告--依被投資公司未經會計師查核報告認列投資損益"""
612,612,6131,悠克國際,安 侯 建 業 聯 合 會 計 師 事 務 所,江忠儀,楊柳鋒,2010/04/19,"??????????????""保留式核閱報告--依被投資公司未經會計師查核報告認列投資損益"""
613,613,6133,金橋科技,勤業眾信聯合會計師事務所,陳慧銘,賴國旺,2010/04/26,"??????????????""保留式核閱報告--依被投資公司未經會計師查核報告認列投資損益"""
614,614,6136,富爾特,立本台灣聯 合 會 計 師 事 務 所,劉克宜,張書成,2010/04/22,"??(?????????)??(?????????)""保留(附加其他事項說明段)--會計原則變動、依被投資公司未經會計師查核報告認列投資損益"""
615,615,6139,亞翔工程,資 信 聯 合 會 計 師 事 務 所,陳榮華 (YYY代表會計?,胡明松 (YYY代表會計?,2010/04/21,"??????????????""保留式核閱報告--依被投資公司未經會計師查核報告認列投資損益"""
616,616,6141,柏承科技,資誠聯合會計師事務所,蕭金木,林瑟凱,2010/04/28,"??????????????""保留式核閱報告--依被投資公司未經會計師查核報告認列投資損益"""
617,617,6142,友勁科技,安 侯 建 業 聯 合 會 計 師 事 務 所,羅瑞蘭,區耀軍,2010/04/16,"??????????????""保留式核閱報告--依被投資公司未經會計師查核報告認列投資損益"""
618,618,6145,勁永國際,安侯建業聯合會計師事務所,陳嘉修,曾國禓,2010/04/16,"??????????????""保留式核閱報告--依被投資公司未經會計師查核報告認列投資損益"""
619,619,6152,百一電子,安 永 聯 合 會 計 師 事 務 所,張志銘,洪茂益,2010/04/13,"??????????????""保留式核閱報告--依被投資公司未經會計師查核報告認列投資損益"""
620,620,6153,嘉聯益,安 永 聯 合 會 計 師 事 務 所,蕭 翠 慧,賴 明 陽,2010/04/20,"??????????????""保留式核閱報告--依被投資公司未經會計師查核報告認列投資損益"""
621,621,6155,鈞寶,安 永 聯 合 會 計 師 事 務 所,張志銘,洪茂益,2010/04/16,"??????????????""保留式核閱報告--依被投資公司未經會計師查核報告認列投資損益"""
622,622,6164,華興電子,安永聯合會計師事務所,林麗凰,曾祥裕,2010/04/21,"??????????????""保留式核閱報告--依被投資公司未經會計師查核報告認列投資損益"""
623,623,6165,捷泰精密,資誠聯合會計師事務所,陳美姿,蕭金木,2010/04/29,"??????????????""保留式核閱報告--依被投資公司未經會計師查核報告認列投資損益"""
624,624,6166,凌華科技,勤業眾信會計師事務所,郭文吉,許庭禎,2010/04/20,"??????????????""保留式核閱報告--依被投資公司未經會計師查核報告認列投資損益"""
625,625,6168,宏齊科技,安 永 聯 合 會 計 師 事 務 所,郭紹彬,許新民,2010/04/23,"??????????????""保留式核閱報告--依被投資公司未經會計師查核報告認列投資損益"""
626,626,6172,互億科技,安侯建業聯合會計師事務所,魏興海會計師,梅元貞會計師,2010/04/26,"??????????????""保留式核閱報告--依被投資公司未經會計師查核報告認列投資損益"""
627,627,6176,瑞儀光電,安侯建業聯合會計師事務所,楊博任,許振隆,2010/04/16,"????????????????????""標準式無保留核閱報告 """
628,628,6177,達麗,立本台灣聯合會計師事務所,劉克宜,張書成,2010/04/15,"????????????????????""標準式無保留核閱報告 """
629,629,6183,關貿,勤業眾信聯合會計師事務所,游素環,龔雙雄,2010/04/24,"????????????????????""標準式無保留核閱報告 """
630,630,6184,大豐電,資 誠 聯 合 會 計 師 事 務 所,吳漢期,林鈞堯,2010/04/27,"????????????????????""標準式無保留核閱報告 """
631,631,6189,豐藝電子,勤業眾信聯合會計師事務所,李麗凰,游素環,2010/04/20,"??????????????""保留式核閱報告--依被投資公司未經會計師查核報告認列投資損益"""
632,632,6191,精成科技,勤業眾信聯 合 會 計 師 事 務 所,洪國田,余鴻賓,2010/04/19,"????????????????????""標準式無保留核閱報告 """
633,633,6192,巨路國際,勤 業 眾 信 聯 合 會 計 師 事 務 所,林文欽,李振銘,2010/04/26,"??????????????""保留式核閱報告--依被投資公司未經會計師查核報告認列投資損益"""
634,634,6196,帆宣科技,資誠聯合會計師事務所,林鈞堯,吳漢期,2010/04/27,"??????????????""保留式核閱報告--依被投資公司未經會計師查核報告認列投資損益"""
635,635,6197,佳必琪,資誠聯合會計師事務所,蕭春鴛,吳漢期,2010/04/28,"??????????????""保留式核閱報告--依被投資公司未經會計師查核報告認列投資損益"""
636,636,6201,亞弘電,安 永 會 計 師 事 務 所,黃世杰,陳政初,2010/04/14,"??(?????????)??(?????????)""保留(附加其他事項說明段)--欲強調某一事項、依被投資公司未經會計師查核報告認列投資損益"""
637,637,6202,盛群,安侯建業聯合會計師事務所,魏忠華,游萬淵,2010/04/12,"??????????????""保留式核閱報告--依被投資公司未經會計師查核報告認列投資損益"""
638,638,6205,詮欣,資誠聯合會計師事務所,薛守宏,李燕娜,2010/04/22,"??????????????""保留式核閱報告--依被投資公司未經會計師查核報告認列投資損益"""
639,639,6206,飛捷,安侯建業聯合會計師事務所,唐慈杰,陳玫燕,2010/04/22,"????????????????????""標準式無保留核閱報告 """
640,640,6209,今國光學,勤業眾信聯合會計師事務所,成德潤,羅瑞霖,2010/04/21,"??????????????""保留式核閱報告--依被投資公司未經會計師查核報告認列投資損益"""
641,641,6213,聯茂,勤業眾信聯合會計師事務所,楊明哲,吳怡君,2010/04/14,"??(?????????)??(?????????)""保留(附加其他事項說明段)--會計原則變動、依被投資公司未經會計師查核報告認列投資損益"""
642,642,6214,精誠資訊,勤業眾信聯合會計師事務所,林淑婉,許秀明,2010/04/19,"??????????????""保留式核閱報告--依被投資公司未經會計師查核報告認列投資損益"""
643,643,6215,和椿科技,資誠聯合會計師事務所,林鈞堯,吳郁隆,2010/04/29,"??????????????""保留式核閱報告--依被投資公司未經會計師查核報告認列投資損益"""
644,644,6216,居易,安侯建業聯合會計師事務所,吳惠蘭,游萬淵,2010/04/22,"??????????????""保留式核閱報告--依被投資公司未經會計師查核報告認列投資損益"""
645,645,6224,聚鼎,資誠聯合會計師事務所,曾國華,王偉臣,2010/04/26,"??????????????""保留式核閱報告--依被投資公司未經會計師查核報告認列投資損益"""
646,646,6225,天瀚,資誠聯合會計師事務所,劉銀妃,曾國華,2010/04/29,"??????????????""保留式核閱報告--依被投資公司未經會計師查核報告認列投資損益"""
647,647,6226,光鼎電子,安 侯 建 業 聯 合 會 計 師 事 務 所,梅元貞,高渭川,2010/04/23,"??????????????""保留式核閱報告--依被投資公司未經會計師查核報告認列投資損益"""
648,648,6230,超眾,安 侯 建 業 會 計 師 事 務 所,吳 秋 華,李 慈 慧,2010/04/19,"??????????????""保留式核閱報告--依被投資公司未經會計師查核報告認列投資損益"""
649,649,6235,華孚科技,勤業眾信聯合會計師事務所,郭文吉,許庭禎,2011/01/12,"??????????????""保留式核閱報告--依被投資公司未經會計師查核報告認列投資損益"""
650,650,6239,力成,勤 業 眾 信 聯 合 會 計 師 事 務 所,黃裕峰,林政治,2010/04/16,"??????????????""保留式核閱報告--依被投資公司未經會計師查核報告認列投資損益"""
651,651,6243,迅杰,安 侯 建 業 聯 合 會 計 師 事 務 所,曾渼鈺,游萬淵,2010/04/19,"??????????????""保留式核閱報告--依被投資公司未經會計師查核報告認列投資損益"""
652,652,6251,定穎電子,安 永 聯 合 會 計 師 事 務 所,洪茂益,許新民,2010/04/20,"??????????????""保留式核閱報告--依被投資公司未經會計師查核報告認列投資損益"""
653,653,6257,矽格,資誠聯合會計師事務所,鄭雅慧,林玉寬,2010/04/29,"??????????????""保留式核閱報告--依被投資公司未經會計師查核報告認列投資損益"""
654,654,6269,台郡科技,資誠聯合會計師事務所,洪麗蓉,王國華,2010/04/26,"??????????????""保留式核閱報告--依被投資公司未經會計師查核報告認列投資損益"""
655,655,6271,同欣電子,安侯建業聯合會計師事務所,顏幸福,區耀軍,2010/04/26,"??????????????""保留式核閱報告--依被投資公司未經會計師查核報告認列投資損益"""
656,656,6277,宏正科,安 侯 建 業 會 計 師 事 務 所,關 春 修,許 育 峰,2010/04/13,"??????????????""保留式核閱報告--依被投資公司未經會計師查核報告認列投資損益"""
657,657,6278,台表科,資誠聯合會計師事務所,張明輝,蕭金木,2010/04/29,"????????????????????""標準式無保留核閱報告 """
658,658,6281,全國電,安侯建業聯合會計師事務所,施威銘,唐慈杰,2010/04/22,"????????????????????""標準式無保留核閱報告 """
659,659,6282,康舒,安侯建業聯合會計師事務所,顏幸福,王怡文,2010/04/28,"??????????????""保留式核閱報告--依被投資公司未經會計師查核報告認列投資損益"""
660,660,6283,淳安電子,勤業眾信會計師事務所,林文欽,李振銘,2010/04/16,"??????????????""保留式核閱報告--依被投資公司未經會計師查核報告認列投資損益"""
661,661,6285,啟眲鴔,安侯建業聯合會計師事務所,曾渼鈺,張嘉信,2010/04/09,"??????????????""保留式核閱報告--依被投資公司未經會計師查核報告認列投資損益"""
662,662,6289,華上光電,安 侯 建 業 聯 合 聯 合 會 計 師 事 務 所,陳振乾,羅瑞蘭,2010/04/21,"??????????????""保留式核閱報告--依被投資公司未經會計師查核報告認列投資損益"""
663,663,6505,台塑石化,安永聯合會計師事務所,林麗凰,侯榮顯,2010/04/19,"??????????????""保留式核閱報告--依被投資公司未經會計師查核報告認列投資損益"""
664,664,6605,帝寶工業,勤業眾信聯合會計師事務所,呂惠民,曾棟鋆,2010/04/22,"??????????????""保留式核閱報告--依被投資公司未經會計師查核報告認列投資損益"""
665,665,8016,矽創電子,勤業眾信聯合會計師事務所,林政治,黃鴻文,2010/04/15,"??????????????""保留式核閱報告--依被投資公司未經會計師查核報告認列投資損益"""
666,666,8021,尖點,勤業眾信會計師事務所,陳招美,林谷同,2010/04/16,"??????????????""保留式核閱報告--依被投資公司未經會計師查核報告認列投資損益"""
667,667,8033,雷虎科技,資誠聯合會計師事務所,楊明經,洪淑華,2010/04/29,"??????????????""保留式核閱報告--依被投資公司未經會計師查核報告認列投資損益"""
668,668,8039,台虹科技,安永聯合會計師事務所,陳政初,侯榮顯,2010/04/20,"??????????????""保留式核閱報告--依被投資公司未經會計師查核報告認列投資損益"""
669,669,8046,南電,安侯建業聯合會計師事務所,吳秋華,寇惠植,2010/04/20,"??(?????????)??(?????????)""保留(附加其他事項說明段)--採用其他會計師查核且欲區分責任、依被投資公司未經會計師查核報告認列投資損益"""
670,670,8070,長華電材,勤 業 眾 信 聯 合 會 計 師 事 務 所,曾光敏,吳秋燕,2010/04/21,"??????????????""保留式核閱報告--依被投資公司未經會計師查核報告認列投資損益"""
671,671,8072,陞泰,勤業眾信聯合會計師事務所,郭榮芳,許庭禎,2010/04/19,"??????????????""保留式核閱報告--依被投資公司未經會計師查核報告認列投資損益"""
672,672,8081,致新,勤業眾信聯合會計師事務所,陳明煇,黃裕峰,2010/04/22,"??????????????""保留式核閱報告--依被投資公司未經會計師查核報告認列投資損益"""
673,673,8101,華冠通訊,安 侯 建 業 聯 合 會 計 師 事 務 所,陳振乾,于紀隆,2010/04/19,"??????????????""保留式核閱報告--依被投資公司未經會計師查核報告認列投資損益"""
674,674,8103,瀚荃,安 侯 建 業 聯 合 會 計 師 事 務 所,張嘉信,陳蓓琪,2010/04/16,"??????????????""保留式核閱報告--依被投資公司未經會計師查核報告認列投資損益"""
675,675,8105,凌巨,勤業眾信聯合會計師事務所,葉東煇,黃鴻文,2010/04/20,"??????????????""保留式核閱報告--依被投資公司未經會計師查核報告認列投資損益"""
676,676,8110,華東,勤 業 眾 信 聯 合 會 計 師 事 務 所,郭麗園,江佳玲,2010/04/19,"????????????????????""標準式無保留核閱報告 """
677,677,8112,至上電子,安 侯 建 業 會 計 師 事 務 所,陳 振 乾,吳 美 萍,2010/04/15,"??????????????""保留式核閱報告--依被投資公司未經會計師查核報告認列投資損益"""
678,678,8114,振樺電子,勤業眾信聯合會計師事務所,卓明信,施景彬,2010/04/16,"??????????????""保留式核閱報告--依被投資公司未經會計師查核報告認列投資損益"""
679,679,8131,福懋科技,資誠聯合會計師事務所,吳漢期,高文宏,2010/04/23,"????????????????????""標準式無保留核閱報告 """
680,680,8163,達方電子,安 侯 建 業 聯 合 會 計 師 事 務 所,張惠貞,施威銘,2010/04/15,"??????????????""保留式核閱報告--依被投資公司未經會計師查核報告認列投資損益"""
681,681,8201,無敵,安 侯 建 業 聯 合 會 計 師 事 務 所,林琬琬,連淑凌,2010/04/22,"??????????????""保留式核閱報告--依被投資公司未經會計師查核報告認列投資損益"""
682,682,8210,勤誠興業,資誠聯合會計師事務所,葉冠妏,潘慧玲,2010/04/26,"??????????????""保留式核閱報告--依被投資公司未經會計師查核報告認列投資損益"""
683,683,8213,志超,安侯建業聯合會計師事務所,江忠儀,林琲@,2010/04/19,"??????????????""保留式核閱報告--依被投資公司未經會計師查核報告認列投資損益"""
684,684,8249,菱光科技,資誠聯合會計師事務所,林鈞堯,吳郁隆,2010/04/28,"????????????????????""標準式無保留核閱報告 """
685,685,8261,富鼎,勤 業 眾 信 聯 合 會 計 師 事 務 所,林文欽,戴信維,2010/04/23,"????????????????????""標準式無保留核閱報告 """
686,686,8271,宇瞻科技,安 侯 建 業 聯 合 會 計 師 事 務 所,楊美雪,陳雅琳,2010/04/26,"??????????????""保留式核閱報告--依被投資公司未經會計師查核報告認列投資損益"""
687,687,8374,羅昇,安侯建業聯合會計師事務所,林琲@,施威銘,2010/04/26,"????????????????????""標準式無保留核閱報告 """
688,688,8926,台汽電,勤業眾信聯合會計師事務所,何瑞軒,許庭禎,2010/04/16,"??????????????""保留式核閱報告--依被投資公司未經會計師查核報告認列投資損益"""
689,689,8940,新天地,勤業眾信聯合會計師事務所,吳麗冬,曾棟鋆,2010/04/18,"??????????????""保留式核閱報告--依被投資公司未經會計師查核報告認列投資損益"""
690,690,8996,高力,勤 業 眾 信 聯 合 會 計 師 事 務 所,龔雙雄,游素環,2010/04/20,"??????????????""保留式核閱報告--依被投資公司未經會計師查核報告認列投資損益"""
691,691,9902,台火,大中國際聯合會計師事務所,林寬照,李聰明,2010/04/23,"??????????????""保留式核閱報告--依被投資公司未經會計師查核報告認列投資損益"""
692,692,9904,寶成工業,勤 業 眾 信 聯 合 會 計 師 事 務 所,洪國田,施景彬,2010/04/23,"??????????????""保留式核閱報告--依被投資公司未經會計師查核報告認列投資損益"""
693,693,9905,大華金,勤業眾信會計師事務所,張清福,蔡振財,2010/04/20,"??????????????""保留式核閱報告--依被投資公司未經會計師查核報告認列投資損益"""
694,694,9906,欣巴巴,資 誠 聯 合 會 計 師 事 務 所,馮敏娟,洪慶山,2010/04/30,"??(?????????)??(?????????)""保留(附加其他事項說明段)--繼續經營假設有疑慮、依被投資公司未經會計師查核報告認列投資損益"""
695,695,9907,統一實業,安侯建業聯合會計師事務所,張嘉信,陳惠媛,2010/04/16,"??????????????""保留式核閱報告--依被投資公司未經會計師查核報告認列投資損益"""
696,696,9908,大台北,勤 業 眾 信 聯 合 會 計 師 事 務 所,游素環,陳慧銘,2010/04/26,"????????????????????""標準式無保留核閱報告 """
697,697,9910,豐泰企業,安侯建業聯合會計師事務所,陳盈如,林琬琬,2010/04/19,"??????????????""保留式核閱報告--依被投資公司未經會計師查核報告認列投資損益"""
698,698,9911,台灣櫻花,安永聯合會計師事務所,涂清淵,嚴文筆,2010/04/22,"??????????????""保留式核閱報告--依被投資公司未經會計師查核報告認列投資損益"""
699,699,9912,偉聯,安侯建業聯合會計師事務所,魏忠華,王怡文,2010/04/19,"??????????????""保留式核閱報告--依被投資公司未經會計師查核報告認列投資損益"""
700,700,9914,美利達,勤 業 眾 信 聯　合　會　計　師　事　務　所,成德潤,吳麗冬,2010/04/24,"??????????????""保留式核閱報告--依被投資公司未經會計師查核報告認列投資損益"""
701,701,9917,中保,安永聯合會計師事務所,王彥鈞,王金來,2010/04/22,"??????????????""保留式核閱報告--依被投資公司未經會計師查核報告認列投資損益"""
702,702,9918,欣天然,立本台灣聯合會計師事務所,柯 俊 輝,陳 玉 芳,2010/04/16,"??????????????""保留式核閱報告--依被投資公司未經會計師查核報告認列投資損益"""
703,703,9919,康那香,資誠聯合會計師事務所,葉冠妏,潘慧玲,2010/04/26,"??????????????""保留式核閱報告--依被投資公司未經會計師查核報告認列投資損益"""
704,704,9921,巨大機械,勤業眾信聯合會計師事務所,羅瑞霖,吳麗冬,2010/04/21,"??????????????""保留式核閱報告--依被投資公司未經會計師查核報告認列投資損益"""
705,705,9924,台灣福興,資誠聯合會計師事務所,林億彰,王國華,2010/04/26,"??????????????""保留式核閱報告--依被投資公司未經會計師查核報告認列投資損益"""
706,706,9925,新光保全,勤業眾信聯合會計師事務所,陳慧銘,林宜慧,2010/04/26,"????????????????????""標準式無保留核閱報告 """
707,707,9926,新海瓦斯,勤業眾信聯合會計師事務所,游素環,陳慧銘,2010/04/20,"????????????????????""標準式無保留核閱報告 """
708,708,9927,泰銘,勤業眾信聯合會計師事務所,吳秋燕,曾光敏,2010/04/21,"??????????????""保留式核閱報告--依被投資公司未經會計師查核報告認列投資損益"""
709,709,9928,中視,勤業眾信聯合會計師事務所,洪玉美,陳清祥,2010/04/20,"??????????????""保留式核閱報告--依被投資公司未經會計師查核報告認列投資損益"""
710,710,9929,秋雨,弘基聯合會計師事務所,許弘毅,周維憲,2010/04/27,"??????????????""保留式核閱報告--依被投資公司未經會計師查核報告認列投資損益"""
711,711,9930,中聯資源,勤業眾信聯合會計師事務所,邱慧吟,江佳玲,2010/04/12,"??????????????""保留式核閱報告--依被投資公司未經會計師查核報告認列投資損益"""
712,712,9931,欣高,正風聯合會計師事務所,周銀來,吳欣亮,2010/04/23,"??????????????""保留式核閱報告--依被投資公司未經會計師查核報告認列投資損益"""
713,713,9933,中鼎工程,資誠聯合會計師事務所,吳郁隆,蔡金拋,2010/04/22,"??????????????""保留式核閱報告--依被投資公司未經會計師查核報告認列投資損益"""
714,714,9934,成霖企業,安 永 聯 合 會 計 師 事 務 所,林鴻光,(二余)清淵,2010/04/26,"??????????????""保留式核閱報告--依被投資公司未經會計師查核報告認列投資損益"""
715,715,9935,慶豐富,建智聯合會計師事務所,黃祥穎,陳靜宜,2010/04/20,"??????????????""保留式核閱報告--依被投資公司未經會計師查核報告認列投資損益"""
716,716,9937,全國,安永聯合會計師事務所,林麗凰,賴明陽,2010/04/19,"????????????????????""標準式無保留核閱報告 """
717,717,9938,台灣百和,勤 業 眾 信 聯 合 會 計 師 事 務 所,成德潤,曾棟鋆,2010/04/22,"??????????????""保留式核閱報告--依被投資公司未經會計師查核報告認列投資損益"""
718,718,9939,宏全,勤業眾信聯合會計師事務所,曾棟鋆,成德潤,2010/04/21,"??????????????""保留式核閱報告--依被投資公司未經會計師查核報告認列投資損益"""
719,719,9940,信義房屋,勤業眾信聯合會計師事務所,楊民賢,徐文亞,2010/04/23,"??????????????""保留式核閱報告--依被投資公司未經會計師查核報告認列投資損益"""
720,720,9941,裕融企業,勤業眾信聯合會計師事務所,郭俐雯,林文欽,2010/04/19,"??????????????""保留式核閱報告--依被投資公司未經會計師查核報告認列投資損益"""
721,721,9942,茂順,資誠聯合會計師事務所,楊明經,張志安,2010/04/26,"??????????????""保留式核閱報告--依被投資公司未經會計師查核報告認列投資損益"""
722,722,9943,好樂迪,勤業眾信聯合會計師事務所,李東峰,楊靜婷,2010/04/15,"??????????????""保留式核閱報告--依被投資公司未經會計師查核報告認列投資損益"""
723,723,9944,新麗企業,鼎 信 聯 合 會 計 師 事 務 所,張亞荃,林金鳳,2010/04/20,"??????????????""保留式核閱報告--依被投資公司未經會計師查核報告認列投資損益"""
724,724,9945,潤泰創新,資誠聯合會計師事務所,王照明,蔡金拋,2010/04/29,"??????????????""保留式核閱報告--依被投資公司未經會計師查核報告認列投資損益"""
725,725,9946,三發地產,勤業眾信聯合會計師事務所,施景彬,余鴻賓,2010/04/21,"??????????????""保留式核閱報告--依被投資公司未經會計師查核報告認列投資損益"""
726,726,9955,佳龍,安永聯合會計師事務所,張志銘,洪茂益,2010/04/16,"??????????????""保留式核閱報告--依被投資公司未經會計師查核報告認列投資損益"""
727,727,9958,世紀鋼構,勤業眾信聯合會計師事務所,方蘇立,黃裕峰,2010/04/20,"????????????????????""標準式無保留核閱報告 """
